,Week of,Henry Hub Natural Gas Spot Price Dollars per Million Btu
0,03/27/2026,2.95
1,03/20/2026,3.11
2,03/13/2026,3.19
3,03/6/2026,2.99
4,02/27/2026,3.01
5,02/20/2026,3.08
6,02/13/2026,3.27
7,02/6/2026,5.01
8,01/30/2026,13.8
9,01/23/2026,12.02
10,01/16/2026,3.0
11,01/9/2026,2.91
12,01/2/2026,4.25
13,12/26/2025,3.45
14,12/19/2025,3.71
15,12/12/2025,4.6
16,12/5/2025,4.97
17,11/28/2025,4.29
18,11/21/2025,3.89
19,11/14/2025,3.62
20,11/7/2025,3.54
21,10/31/2025,3.42
22,10/24/2025,3.25
23,10/17/2025,2.8
24,10/10/2025,3.23
25,10/3/2025,3.16
26,09/26/2025,2.91
27,09/19/2025,3.05
28,09/12/2025,2.96
29,09/5/2025,2.97
30,08/29/2025,2.85
31,08/22/2025,2.85
32,08/15/2025,2.94
33,08/8/2025,2.99
34,08/1/2025,3.03
35,07/25/2025,3.19
36,07/18/2025,3.39
37,07/11/2025,3.17
38,07/4/2025,3.19
39,06/27/2025,3.3
40,06/20/2025,3.08
41,06/13/2025,2.84
42,06/6/2025,2.84
43,05/30/2025,3.03
44,05/23/2025,3.05
45,05/16/2025,3.2
46,05/9/2025,3.19
47,05/2/2025,3.09
48,04/25/2025,3.0
49,04/18/2025,3.26
50,04/11/2025,3.67
51,04/4/2025,4.07
52,03/28/2025,3.92
53,03/21/2025,4.14
54,03/14/2025,4.15
55,03/7/2025,4.27
56,02/28/2025,3.89
57,02/21/2025,5.9
58,02/14/2025,4.03
59,02/7/2025,3.28
60,01/31/2025,3.31
61,01/24/2025,4.02
62,01/17/2025,5.47
63,01/10/2025,3.93
64,01/3/2025,3.46
65,12/27/2024,2.94
66,12/20/2024,3.0
67,12/13/2024,3.03
68,12/6/2024,2.9
69,11/29/2024,3.19
70,11/22/2024,2.35
71,11/15/2024,1.79
72,11/8/2024,1.5
73,11/1/2024,1.83
74,10/25/2024,1.88
75,10/18/2024,2.15
76,10/11/2024,2.4
77,10/4/2024,2.66
78,09/27/2024,2.56
79,09/20/2024,2.26
80,09/13/2024,2.13
81,09/6/2024,2.02
82,08/30/2024,1.94
83,08/23/2024,2.04
84,08/16/2024,2.13
85,08/9/2024,1.88
86,08/2/2024,1.9
87,07/26/2024,2.06
88,07/19/2024,2.02
89,07/12/2024,2.26
90,07/5/2024,2.08
91,06/28/2024,2.52
92,06/21/2024,2.44
93,06/14/2024,2.73
94,06/7/2024,2.43
95,05/31/2024,2.03
96,05/24/2024,2.48
97,05/17/2024,2.23
98,05/10/2024,2.0
99,05/3/2024,1.64
100,04/26/2024,1.54
101,04/19/2024,1.46
102,04/12/2024,1.69
103,04/5/2024,1.7
104,03/29/2024,1.48
105,03/22/2024,1.54
106,03/15/2024,1.4
107,03/8/2024,1.55
108,03/1/2024,1.58
109,02/23/2024,1.56
110,02/16/2024,1.59
111,02/9/2024,1.93
112,02/2/2024,2.21
113,01/26/2024,2.38
114,01/19/2024,2.92
115,01/12/2024,5.11
116,01/5/2024,2.68
117,12/29/2023,2.56
118,12/22/2023,2.5
119,12/15/2023,2.38
120,12/8/2023,2.62
121,12/1/2023,2.72
122,11/24/2023,2.64
123,11/17/2023,2.74
124,11/10/2023,2.46
125,11/3/2023,3.17
126,10/27/2023,2.89
127,10/20/2023,2.86
128,10/13/2023,3.2
129,10/6/2023,2.91
130,09/29/2023,2.66
131,09/22/2023,2.62
132,09/15/2023,2.71
133,09/8/2023,2.52
134,09/1/2023,2.57
135,08/25/2023,2.53
136,08/18/2023,2.59
137,08/11/2023,2.76
138,08/4/2023,2.49
139,07/28/2023,2.59
140,07/21/2023,2.54
141,07/14/2023,2.53
142,07/7/2023,2.53
143,06/30/2023,2.58
144,06/23/2023,2.28
145,06/16/2023,2.05
146,06/9/2023,1.99
147,06/2/2023,1.93
148,05/26/2023,2.17
149,05/19/2023,2.29
150,05/12/2023,2.1
151,05/5/2023,2.03
152,04/28/2023,2.2
153,04/21/2023,2.21
154,04/14/2023,2.09
155,04/7/2023,2.14
156,03/31/2023,2.01
157,03/24/2023,2.06
158,03/17/2023,2.47
159,03/10/2023,2.48
160,03/3/2023,2.6
161,02/24/2023,2.18
162,02/17/2023,2.41
163,02/10/2023,2.34
164,02/3/2023,2.64
165,01/27/2023,3.08
166,01/20/2023,3.17
167,01/13/2023,3.46
168,01/6/2023,3.65
169,12/30/2022,4.06
170,12/23/2022,6.35
171,12/16/2022,6.78
172,12/9/2022,4.6
173,12/2/2022,6.06
174,11/25/2022,6.41
175,11/18/2022,6.06
176,11/11/2022,4.34
177,11/4/2022,4.57
178,10/28/2022,5.12
179,10/21/2022,5.48
180,10/14/2022,6.29
181,10/7/2022,6.01
182,09/30/2022,6.63
183,09/23/2022,7.69
184,09/16/2022,8.42
185,09/9/2022,8.3
186,09/2/2022,9.17
187,08/26/2022,9.56
188,08/19/2022,9.19
189,08/12/2022,8.15
190,08/5/2022,8.14
191,07/29/2022,8.74
192,07/22/2022,7.76
193,07/15/2022,6.76
194,07/8/2022,5.9
195,07/1/2022,6.35
196,06/24/2022,6.43
197,06/17/2022,7.93
198,06/10/2022,8.95
199,06/3/2022,8.54
200,05/27/2022,8.79
201,05/20/2022,8.21
202,05/13/2022,7.47
203,05/6/2022,8.04
204,04/29/2022,6.81
205,04/22/2022,7.1
206,04/15/2022,6.64
207,04/8/2022,6.08
208,04/1/2022,5.41
209,03/25/2022,5.14
210,03/18/2022,4.68
211,03/11/2022,4.7
212,03/4/2022,4.57
213,02/25/2022,4.62
214,02/18/2022,4.39
215,02/11/2022,4.19
216,02/4/2022,5.78
217,01/28/2022,4.6
218,01/21/2022,4.5
219,01/14/2022,4.42
220,01/7/2022,3.8
221,12/31/2021,3.57
222,12/24/2021,3.85
223,12/17/2021,3.78
224,12/10/2021,3.68
225,12/3/2021,4.32
226,11/26/2021,4.9
227,11/19/2021,4.91
228,11/12/2021,4.99
229,11/5/2021,5.48
230,10/29/2021,5.68
231,10/22/2021,4.95
232,10/15/2021,5.54
233,10/8/2021,5.87
234,10/1/2021,5.68
235,09/24/2021,5.03
236,09/17/2021,5.42
237,09/10/2021,4.87
238,09/3/2021,4.49
239,08/27/2021,4.07
240,08/20/2021,3.9
241,08/13/2021,4.1
242,08/6/2021,4.15
243,07/30/2021,4.06
244,07/23/2021,3.93
245,07/16/2021,3.73
246,07/9/2021,3.65
247,07/2/2021,3.72
248,06/25/2021,3.28
249,06/18/2021,3.28
250,06/11/2021,3.12
251,06/4/2021,3.03
252,05/28/2021,2.86
253,05/21/2021,2.91
254,05/14/2021,2.93
255,05/7/2021,2.95
256,04/30/2021,2.88
257,04/23/2021,2.76
258,04/16/2021,2.59
259,04/9/2021,2.45
260,04/2/2021,2.54
261,03/26/2021,2.54
262,03/19/2021,2.53
263,03/12/2021,2.65
264,03/5/2021,2.79
265,02/26/2021,2.86
266,02/19/2021,12.18
267,02/12/2021,4.63
268,02/5/2021,3.12
269,01/29/2021,2.71
270,01/22/2021,2.54
271,01/15/2021,2.82
272,01/8/2021,2.74
273,01/1/2021,2.38
274,12/25/2020,2.72
275,12/18/2020,2.7
276,12/11/2020,2.44
277,12/4/2020,2.69
278,11/27/2020,2.39
279,11/20/2020,2.39
280,11/13/2020,2.75
281,11/6/2020,2.78
282,10/30/2020,3.09
283,10/23/2020,2.74
284,10/16/2020,2.17
285,10/9/2020,1.91
286,10/2/2020,1.65
287,09/25/2020,1.68
288,09/18/2020,1.93
289,09/11/2020,2.16
290,09/4/2020,2.16
291,08/28/2020,2.52
292,08/21/2020,2.39
293,08/14/2020,2.17
294,08/7/2020,2.13
295,07/31/2020,1.82
296,07/24/2020,1.72
297,07/17/2020,1.77
298,07/10/2020,1.78
299,07/3/2020,1.67
300,06/26/2020,1.57
301,06/19/2020,1.52
302,06/12/2020,1.7
303,06/5/2020,1.7
304,05/29/2020,1.76
305,05/22/2020,1.78
306,05/15/2020,1.63
307,05/8/2020,1.84
308,05/1/2020,1.71
309,04/24/2020,1.85
310,04/17/2020,1.72
311,04/10/2020,1.77
312,04/3/2020,1.62
313,03/27/2020,1.73
314,03/20/2020,1.79
315,03/13/2020,1.87
316,03/6/2020,1.8
317,02/28/2020,1.88
318,02/21/2020,2.0
319,02/14/2020,1.9
320,02/7/2020,1.89
321,01/31/2020,1.95
322,01/24/2020,1.93
323,01/17/2020,2.06
324,01/10/2020,2.09
325,01/3/2020,2.05
326,12/27/2019,2.03
327,12/20/2019,2.28
328,12/13/2019,2.24
329,12/6/2019,2.38
330,11/29/2019,2.49
331,11/22/2019,2.58
332,11/15/2019,2.73
333,11/8/2019,2.82
334,11/1/2019,2.62
335,10/25/2019,2.25
336,10/18/2019,2.25
337,10/11/2019,2.26
338,10/4/2019,2.33
339,09/27/2019,2.52
340,09/20/2019,2.63
341,09/13/2019,2.64
342,09/6/2019,2.46
343,08/30/2019,2.28
344,08/23/2019,2.27
345,08/16/2019,2.21
346,08/9/2019,2.11
347,08/2/2019,2.24
348,07/26/2019,2.3
349,07/19/2019,2.44
350,07/12/2019,2.47
351,07/5/2019,2.31
352,06/28/2019,2.34
353,06/21/2019,2.4
354,06/14/2019,2.41
355,06/7/2019,2.45
356,05/31/2019,2.66
357,05/24/2019,2.66
358,05/17/2019,2.67
359,05/10/2019,2.6
360,05/3/2019,2.59
361,04/26/2019,2.56
362,04/19/2019,2.62
363,04/12/2019,2.72
364,04/5/2019,2.7
365,03/29/2019,2.71
366,03/22/2019,2.86
367,03/15/2019,2.89
368,03/8/2019,3.28
369,03/1/2019,2.91
370,02/22/2019,2.71
371,02/15/2019,2.65
372,02/8/2019,2.59
373,02/1/2019,2.9
374,01/25/2019,3.19
375,01/18/2019,3.5
376,01/11/2019,2.89
377,01/4/2019,2.92
378,12/28/2018,3.26
379,12/21/2018,3.73
380,12/14/2018,4.38
381,12/7/2018,4.49
382,11/30/2018,4.43
383,11/23/2018,4.67
384,11/16/2018,4.23
385,11/9/2018,3.58
386,11/2/2018,3.28
387,10/26/2018,3.32
388,10/19/2018,3.26
389,10/12/2018,3.3
390,10/5/2018,3.23
391,09/28/2018,3.06
392,09/21/2018,3.03
393,09/14/2018,2.93
394,09/7/2018,2.94
395,08/31/2018,2.97
396,08/24/2018,3.01
397,08/17/2018,3.0
398,08/10/2018,2.96
399,08/3/2018,2.8
400,07/27/2018,2.79
401,07/20/2018,2.78
402,07/13/2018,2.89
403,07/6/2018,2.91
404,06/29/2018,2.98
405,06/22/2018,2.99
406,06/15/2018,2.99
407,06/8/2018,2.92
408,06/1/2018,2.88
409,05/25/2018,2.83
410,05/18/2018,2.8
411,05/11/2018,2.76
412,05/4/2018,2.75
413,04/27/2018,2.8
414,04/20/2018,2.83
415,04/13/2018,2.78
416,04/6/2018,2.79
417,03/30/2018,2.67
418,03/23/2018,2.66
419,03/16/2018,2.71
420,03/9/2018,2.74
421,03/2/2018,2.64
422,02/23/2018,2.62
423,02/16/2018,2.54
424,02/9/2018,2.75
425,02/2/2018,3.3
426,01/26/2018,3.43
427,01/19/2018,4.12
428,01/12/2018,3.24
429,01/5/2018,5.71
430,12/29/2017,3.03
431,12/22/2017,2.69
432,12/15/2017,2.77
433,12/8/2017,2.84
434,12/1/2017,2.94
435,11/24/2017,3.05
436,11/17/2017,3.1
437,11/10/2017,3.12
438,11/3/2017,2.78
439,10/27/2017,2.91
440,10/20/2017,2.84
441,10/13/2017,2.92
442,10/6/2017,2.84
443,09/29/2017,2.96
444,09/22/2017,3.09
445,09/15/2017,2.96
446,09/8/2017,2.91
447,09/1/2017,2.93
448,08/25/2017,2.97
449,08/18/2017,2.95
450,08/11/2017,2.85
451,08/4/2017,2.8
452,07/28/2017,2.96
453,07/21/2017,3.09
454,07/14/2017,2.96
455,07/7/2017,2.95
456,06/30/2017,3.01
457,06/23/2017,2.89
458,06/16/2017,3.03
459,06/9/2017,2.98
460,06/2/2017,3.03
461,05/26/2017,3.18
462,05/19/2017,3.21
463,05/12/2017,3.12
464,05/5/2017,3.14
465,04/28/2017,3.09
466,04/21/2017,3.1
467,04/14/2017,3.05
468,04/7/2017,3.18
469,03/31/2017,3.03
470,03/24/2017,2.99
471,03/17/2017,2.96
472,03/10/2017,2.75
473,03/3/2017,2.52
474,02/24/2017,2.62
475,02/17/2017,2.87
476,02/10/2017,3.04
477,02/3/2017,3.12
478,01/27/2017,3.27
479,01/20/2017,3.29
480,01/13/2017,3.27
481,01/6/2017,3.47
482,12/30/2016,3.69
483,12/23/2016,3.51
484,12/16/2016,3.57
485,12/9/2016,3.69
486,12/2/2016,3.21
487,11/25/2016,2.76
488,11/18/2016,2.44
489,11/11/2016,2.22
490,11/4/2016,2.5
491,10/28/2016,2.72
492,10/21/2016,3.14
493,10/14/2016,3.17
494,10/7/2016,2.91
495,09/30/2016,3.01
496,09/23/2016,3.11
497,09/16/2016,3.02
498,09/9/2016,2.87
499,09/2/2016,2.94
500,08/26/2016,2.82
501,08/19/2016,2.73
502,08/12/2016,2.77
503,08/5/2016,2.88
504,07/29/2016,2.85
505,07/22/2016,2.79
506,07/15/2016,2.81
507,07/8/2016,2.82
508,07/1/2016,2.89
509,06/24/2016,2.75
510,06/17/2016,2.59
511,06/10/2016,2.36
512,06/3/2016,2.15
513,05/27/2016,1.84
514,05/20/2016,1.89
515,05/13/2016,2.0
516,05/6/2016,1.96
517,04/29/2016,1.92
518,04/22/2016,1.91
519,04/15/2016,1.9
520,04/8/2016,1.96
521,04/1/2016,1.86
522,03/25/2016,1.79
523,03/18/2016,1.79
524,03/11/2016,1.64
525,03/4/2016,1.57
526,02/26/2016,1.82
527,02/19/2016,1.94
528,02/12/2016,2.16
529,02/5/2016,2.11
530,01/29/2016,2.22
531,01/22/2016,2.2
532,01/15/2016,2.32
533,01/8/2016,2.38
534,01/1/2016,2.27
535,12/25/2015,1.68
536,12/18/2015,1.72
537,12/11/2015,1.96
538,12/4/2015,2.13
539,11/27/2015,2.15
540,11/20/2015,2.09
541,11/13/2015,2.11
542,11/6/2015,2.02
543,10/30/2015,2.12
544,10/23/2015,2.38
545,10/16/2015,2.48
546,10/9/2015,2.38
547,10/2/2015,2.49
548,09/25/2015,2.61
549,09/18/2015,2.7
550,09/11/2015,2.7
551,09/4/2015,2.69
552,08/28/2015,2.69
553,08/21/2015,2.75
554,08/14/2015,2.88
555,08/7/2015,2.8
556,07/31/2015,2.87
557,07/24/2015,2.88
558,07/17/2015,2.89
559,07/10/2015,2.75
560,07/3/2015,2.79
561,06/26/2015,2.8
562,06/19/2015,2.9
563,06/12/2015,2.78
564,06/5/2015,2.65
565,05/29/2015,2.8
566,05/22/2015,2.99
567,05/15/2015,2.88
568,05/8/2015,2.75
569,05/1/2015,2.57
570,04/24/2015,2.6
571,04/17/2015,2.61
572,04/10/2015,2.67
573,04/3/2015,2.64
574,03/27/2015,2.79
575,03/20/2015,2.8
576,03/13/2015,2.76
577,03/6/2015,3.04
578,02/27/2015,3.13
579,02/20/2015,2.9
580,02/13/2015,2.75
581,02/6/2015,2.72
582,01/30/2015,2.91
583,01/23/2015,2.95
584,01/16/2015,3.08
585,01/9/2015,3.03
586,01/2/2015,3.09
587,12/26/2014,2.94
588,12/19/2014,3.69
589,12/12/2014,3.66
590,12/5/2014,3.75
591,11/28/2014,4.16
592,11/21/2014,4.34
593,11/14/2014,4.16
594,11/7/2014,3.83
595,10/31/2014,3.65
596,10/24/2014,3.63
597,10/17/2014,3.82
598,10/10/2014,3.87
599,10/3/2014,4.02
600,09/26/2014,3.88
601,09/19/2014,3.95
602,09/12/2014,3.91
603,09/5/2014,3.93
604,08/29/2014,4.01
605,08/22/2014,3.85
606,08/15/2014,3.9
607,08/8/2014,3.92
608,08/1/2014,3.79
609,07/25/2014,3.84
610,07/18/2014,4.11
611,07/11/2014,4.19
612,07/4/2014,4.41
613,06/27/2014,4.52
614,06/20/2014,4.66
615,06/13/2014,4.61
616,06/6/2014,4.61
617,05/30/2014,4.52
618,05/23/2014,4.52
619,05/16/2014,4.46
620,05/9/2014,4.74
621,05/2/2014,4.76
622,04/25/2014,4.8
623,04/18/2014,4.65
624,04/11/2014,4.63
625,04/4/2014,4.45
626,03/28/2014,4.46
627,03/21/2014,4.43
628,03/14/2014,4.58
629,03/7/2014,6.24
630,02/28/2014,5.1
631,02/21/2014,6.0
632,02/14/2014,6.55
633,02/7/2014,6.35
634,01/31/2014,5.29
635,01/24/2014,5.08
636,01/17/2014,4.39
637,01/10/2014,4.31
638,01/3/2014,4.36
639,12/27/2013,4.45
640,12/20/2013,4.25
641,12/13/2013,4.31
642,12/6/2013,3.94
643,11/29/2013,3.87
644,11/22/2013,3.68
645,11/15/2013,3.62
646,11/8/2013,3.47
647,11/1/2013,3.55
648,10/25/2013,3.69
649,10/18/2013,3.79
650,10/11/2013,3.7
651,10/4/2013,3.56
652,09/27/2013,3.55
653,09/20/2013,3.71
654,09/13/2013,3.61
655,09/6/2013,3.64
656,08/30/2013,3.55
657,08/23/2013,3.49
658,08/16/2013,3.35
659,08/9/2013,3.32
660,08/2/2013,3.45
661,07/26/2013,3.67
662,07/19/2013,3.69
663,07/12/2013,3.66
664,07/5/2013,3.54
665,06/28/2013,3.72
666,06/21/2013,3.87
667,06/14/2013,3.77
668,06/7/2013,3.94
669,05/31/2013,4.12
670,05/24/2013,4.14
671,05/17/2013,3.95
672,05/10/2013,3.89
673,05/3/2013,4.23
674,04/26/2013,4.24
675,04/19/2013,4.25
676,04/12/2013,4.13
677,04/5/2013,3.99
678,03/29/2013,4.05
679,03/22/2013,3.99
680,03/15/2013,3.74
681,03/8/2013,3.57
682,03/1/2013,3.48
683,02/22/2013,3.28
684,02/15/2013,3.26
685,02/8/2013,3.33
686,02/1/2013,3.26
687,01/25/2013,3.54
688,01/18/2013,3.44
689,01/11/2013,3.18
690,01/4/2013,3.28
691,12/28/2012,3.34
692,12/21/2012,3.3
693,12/14/2012,3.3
694,12/7/2012,3.41
695,11/30/2012,3.66
696,11/23/2012,3.61
697,11/16/2012,3.54
698,11/9/2012,3.4
699,11/2/2012,3.44
700,10/26/2012,3.41
701,10/19/2012,3.31
702,10/12/2012,3.26
703,10/5/2012,3.22
704,09/28/2012,2.93
705,09/21/2012,2.76
706,09/14/2012,2.88
707,09/7/2012,2.82
708,08/31/2012,2.72
709,08/24/2012,2.79
710,08/17/2012,2.77
711,08/10/2012,2.92
712,08/3/2012,3.12
713,07/27/2012,3.13
714,07/20/2012,2.92
715,07/13/2012,2.82
716,07/6/2012,2.84
717,06/29/2012,2.76
718,06/22/2012,2.52
719,06/15/2012,2.24
720,06/8/2012,2.33
721,06/1/2012,2.37
722,05/25/2012,2.59
723,05/18/2012,2.49
724,05/11/2012,2.33
725,05/4/2012,2.26
726,04/27/2012,2.0
727,04/20/2012,1.86
728,04/13/2012,1.93
729,04/6/2012,1.97
730,03/30/2012,2.06
731,03/23/2012,2.16
732,03/16/2012,2.11
733,03/9/2012,2.26
734,03/2/2012,2.45
735,02/24/2012,2.63
736,02/17/2012,2.52
737,02/10/2012,2.51
738,02/3/2012,2.45
739,01/27/2012,2.57
740,01/20/2012,2.4
741,01/13/2012,2.81
742,01/6/2012,2.92
743,12/30/2011,3.04
744,12/23/2011,3.04
745,12/16/2011,3.08
746,12/9/2011,3.39
747,12/2/2011,3.37
748,11/25/2011,2.92
749,11/18/2011,3.1
750,11/11/2011,3.42
751,11/4/2011,3.47
752,10/28/2011,3.62
753,10/21/2011,3.62
754,10/14/2011,3.48
755,10/7/2011,3.53
756,09/30/2011,3.81
757,09/23/2011,3.77
758,09/16/2011,3.95
759,09/9/2011,3.96
760,09/2/2011,4.01
761,08/26/2011,4.01
762,08/19/2011,4.01
763,08/12/2011,4.08
764,08/5/2011,4.21
765,07/29/2011,4.4
766,07/22/2011,4.58
767,07/15/2011,4.41
768,07/8/2011,4.3
769,07/1/2011,4.32
770,06/24/2011,4.33
771,06/17/2011,4.56
772,06/10/2011,4.83
773,06/3/2011,4.65
774,05/27/2011,4.35
775,05/20/2011,4.15
776,05/13/2011,4.18
777,05/6/2011,4.5
778,04/29/2011,4.39
779,04/22/2011,4.27
780,04/15/2011,4.12
781,04/8/2011,4.15
782,04/1/2011,4.3
783,03/25/2011,4.12
784,03/18/2011,3.88
785,03/11/2011,3.8
786,03/4/2011,3.82
787,02/25/2011,3.84
788,02/18/2011,3.9
789,02/11/2011,4.17
790,02/4/2011,4.51
791,01/28/2011,4.45
792,01/21/2011,4.57
793,01/14/2011,4.46
794,01/7/2011,4.52
795,12/31/2010,4.16
796,12/24/2010,4.09
797,12/17/2010,4.26
798,12/10/2010,4.46
799,12/3/2010,4.2
800,11/26/2010,3.9
801,11/19/2010,3.73
802,11/12/2010,3.7
803,11/5/2010,3.39
804,10/29/2010,3.31
805,10/22/2010,3.37
806,10/15/2010,3.49
807,10/8/2010,3.52
808,10/1/2010,3.79
809,09/24/2010,4.01
810,09/17/2010,4.01
811,09/10/2010,3.8
812,09/3/2010,3.76
813,08/27/2010,3.96
814,08/20/2010,4.3
815,08/13/2010,4.42
816,08/6/2010,4.8
817,07/30/2010,4.75
818,07/23/2010,4.64
819,07/16/2010,4.48
820,07/9/2010,4.65
821,07/2/2010,4.66
822,06/25/2010,4.93
823,06/18/2010,5.1
824,06/11/2010,4.73
825,06/4/2010,4.44
826,05/28/2010,4.18
827,05/21/2010,4.26
828,05/14/2010,4.19
829,05/7/2010,3.94
830,04/30/2010,4.16
831,04/23/2010,3.99
832,04/16/2010,4.06
833,04/9/2010,4.0
834,04/2/2010,3.82
835,03/26/2010,4.01
836,03/19/2010,4.23
837,03/12/2010,4.45
838,03/5/2010,4.74
839,02/26/2010,4.87
840,02/19/2010,5.41
841,02/12/2010,5.55
842,02/5/2010,5.47
843,01/29/2010,5.47
844,01/22/2010,5.56
845,01/15/2010,5.68
846,01/8/2010,6.56
847,01/1/2010,5.88
848,12/25/2009,5.66
849,12/18/2009,5.61
850,12/11/2009,5.08
851,12/4/2009,4.5
852,11/27/2009,3.52
853,11/20/2009,3.3
854,11/13/2009,3.38
855,11/6/2009,4.28
856,10/30/2009,4.37
857,10/23/2009,4.7
858,10/16/2009,3.93
859,10/9/2009,3.6
860,10/2/2009,3.06
861,09/25/2009,3.46
862,09/18/2009,3.21
863,09/11/2009,2.69
864,09/4/2009,2.18
865,08/28/2009,2.72
866,08/21/2009,3.01
867,08/14/2009,3.39
868,08/7/2009,3.58
869,07/31/2009,3.41
870,07/24/2009,3.5
871,07/17/2009,3.29
872,07/10/2009,3.27
873,07/3/2009,3.68
874,06/26/2009,3.87
875,06/19/2009,4.04
876,06/12/2009,3.53
877,06/5/2009,3.76
878,05/29/2009,3.58
879,05/22/2009,3.79
880,05/15/2009,4.24
881,05/8/2009,3.78
882,05/1/2009,3.29
883,04/24/2009,3.45
884,04/17/2009,3.53
885,04/10/2009,3.61
886,04/3/2009,3.62
887,03/27/2009,4.06
888,03/20/2009,3.8
889,03/13/2009,3.89
890,03/6/2009,4.23
891,02/27/2009,4.15
892,02/20/2009,4.34
893,02/13/2009,4.72
894,02/6/2009,4.81
895,01/30/2009,4.74
896,01/23/2009,4.8
897,01/16/2009,5.42
898,01/9/2009,5.88
899,01/2/2009,5.64
900,12/26/2008,5.41
901,12/19/2008,5.72
902,12/12/2008,5.68
903,12/5/2008,6.44
904,11/28/2008,6.61
905,11/21/2008,6.67
906,11/14/2008,6.68
907,11/7/2008,6.76
908,10/31/2008,6.44
909,10/24/2008,6.75
910,10/17/2008,6.68
911,10/10/2008,6.68
912,10/3/2008,7.3
913,09/26/2008,7.74
914,09/19/2008,7.91
915,09/12/2008,7.69
916,09/5/2008,7.54
917,08/29/2008,8.16
918,08/22/2008,7.9
919,08/15/2008,8.1
920,08/8/2008,8.71
921,08/1/2008,9.15
922,07/25/2008,9.93
923,07/18/2008,11.3
924,07/11/2008,12.3
925,07/4/2008,13.2
926,06/27/2008,12.89
927,06/20/2008,12.88
928,06/13/2008,12.59
929,06/6/2008,12.29
930,05/30/2008,11.67
931,05/23/2008,11.31
932,05/16/2008,11.36
933,05/9/2008,11.11
934,05/2/2008,10.75
935,04/25/2008,10.54
936,04/18/2008,10.13
937,04/11/2008,9.88
938,04/4/2008,9.68
939,03/28/2008,9.24
940,03/21/2008,9.09
941,03/14/2008,9.74
942,03/7/2008,9.43
943,02/29/2008,9.16
944,02/22/2008,8.89
945,02/15/2008,8.47
946,02/8/2008,7.87
947,02/1/2008,8.02
948,01/25/2008,7.87
949,01/18/2008,8.33
950,01/11/2008,7.84
951,01/4/2008,7.57
952,12/28/2007,6.97
953,12/21/2007,7.12
954,12/14/2007,7.17
955,12/7/2007,7.12
956,11/30/2007,7.44
957,11/23/2007,6.88
958,11/16/2007,7.19
959,11/9/2007,6.95
960,11/2/2007,6.93
961,10/26/2007,6.39
962,10/19/2007,7.1
963,10/12/2007,6.68
964,10/5/2007,6.65
965,09/28/2007,6.33
966,09/21/2007,6.21
967,09/14/2007,6.03
968,09/7/2007,5.66
969,08/31/2007,5.51
970,08/24/2007,5.93
971,08/17/2007,7.08
972,08/10/2007,6.35
973,08/3/2007,6.3
974,07/27/2007,5.76
975,07/20/2007,6.37
976,07/13/2007,6.4
977,07/6/2007,6.27
978,06/29/2007,6.71
979,06/22/2007,7.36
980,06/15/2007,7.51
981,06/8/2007,7.76
982,06/1/2007,7.65
983,05/25/2007,7.56
984,05/18/2007,7.74
985,05/11/2007,7.56
986,05/4/2007,7.68
987,04/27/2007,7.48
988,04/20/2007,7.51
989,04/13/2007,7.83
990,04/6/2007,7.55
991,03/30/2007,7.32
992,03/23/2007,6.91
993,03/16/2007,6.86
994,03/9/2007,7.32
995,03/2/2007,7.34
996,02/23/2007,7.46
997,02/16/2007,8.43
998,02/9/2007,8.31
999,02/2/2007,7.71
1000,01/26/2007,7.29
1001,01/19/2007,6.52
1002,01/12/2007,6.13
1003,01/5/2007,5.5
1004,12/29/2006,5.6
1005,12/22/2006,6.26
1006,12/15/2006,7.01
1007,12/8/2006,7.51
1008,12/1/2006,7.93
1009,11/24/2006,7.59
1010,11/17/2006,7.39
1011,11/10/2006,7.04
1012,11/3/2006,7.11
1013,10/27/2006,7.39
1014,10/20/2006,6.22
1015,10/13/2006,5.07
1016,10/6/2006,4.32
1017,09/29/2006,4.17
1018,09/22/2006,4.8
1019,09/15/2006,5.15
1020,09/8/2006,5.53
1021,09/1/2006,6.04
1022,08/25/2006,7.09
1023,08/18/2006,6.84
1024,08/11/2006,7.43
1025,08/4/2006,8.08
1026,07/28/2006,6.82
1027,07/21/2006,6.04
1028,07/14/2006,5.74
1029,07/7/2006,5.39
1030,06/30/2006,5.97
1031,06/23/2006,6.5
1032,06/16/2006,6.3
1033,06/9/2006,6.06
1034,06/2/2006,6.16
1035,05/26/2006,5.96
1036,05/19/2006,5.92
1037,05/12/2006,6.55
1038,05/5/2006,6.61
1039,04/28/2006,7.17
1040,04/21/2006,7.63
1041,04/14/2006,6.81
1042,04/7/2006,6.98
1043,03/31/2006,7.11
1044,03/24/2006,7.1
1045,03/17/2006,7.06
1046,03/10/2006,6.44
1047,03/3/2006,6.71
1048,02/24/2006,7.39
1049,02/17/2006,7.25
1050,02/10/2006,7.8
1051,02/3/2006,8.36
1052,01/27/2006,8.22
1053,01/20/2006,8.67
1054,01/13/2006,8.63
1055,01/6/2006,9.42
1056,12/30/2005,9.93
1057,12/23/2005,13.06
1058,12/16/2005,14.49
1059,12/9/2005,14.21
1060,12/2/2005,11.89
1061,11/25/2005,10.88
1062,11/18/2005,10.26
1063,11/11/2005,9.22
1064,11/4/2005,10.86
1065,10/28/2005,13.71
1066,10/21/2005,13.36
1067,10/14/2005,13.4
1068,10/7/2005,13.67
1069,09/23/2005,13.46
1070,09/16/2005,10.94
1071,09/9/2005,11.14
1072,09/2/2005,11.6
1073,08/26/2005,9.81
1074,08/19/2005,9.53
1075,08/12/2005,9.07
1076,08/5/2005,8.46
1077,07/29/2005,7.56
1078,07/22/2005,7.65
1079,07/15/2005,7.79
1080,07/8/2005,7.64
1081,07/1/2005,7.09
1082,06/24/2005,7.52
1083,06/17/2005,7.36
1084,06/10/2005,7.11
1085,06/3/2005,6.49
1086,05/27/2005,6.33
1087,05/20/2005,6.42
1088,05/13/2005,6.59
1089,05/6/2005,6.58
1090,04/29/2005,6.95
1091,04/22/2005,7.0
1092,04/15/2005,7.11
1093,04/8/2005,7.49
1094,04/1/2005,7.22
1095,03/25/2005,7.15
1096,03/18/2005,7.09
1097,03/11/2005,6.82
1098,03/4/2005,6.62
1099,02/25/2005,6.13
1100,02/18/2005,6.0
1101,02/11/2005,6.08
1102,02/4/2005,6.25
1103,01/28/2005,6.4
1104,01/21/2005,6.4
1105,01/14/2005,6.11
1106,01/7/2005,5.74
1107,12/31/2004,6.26
1108,12/24/2004,7.0
1109,12/17/2004,7.03
1110,12/10/2004,6.08
1111,12/3/2004,6.61
1112,11/26/2004,5.16
1113,11/19/2004,5.81
1114,11/12/2004,6.12
1115,11/5/2004,6.92
1116,10/29/2004,7.38
1117,10/22/2004,6.7
1118,10/15/2004,5.61
1119,10/8/2004,5.92
1120,10/1/2004,5.73
1121,09/24/2004,5.44
1122,09/17/2004,5.04
1123,09/10/2004,4.56
1124,09/3/2004,4.84
1125,08/27/2004,5.23
1126,08/20/2004,5.34
1127,08/13/2004,5.55
1128,08/6/2004,5.66
1129,07/30/2004,5.91
1130,07/23/2004,5.86
1131,07/16/2004,5.88
1132,07/9/2004,6.13
1133,07/2/2004,6.0
1134,06/25/2004,6.34
1135,06/18/2004,6.39
1136,06/11/2004,6.08
1137,06/4/2004,6.39
1138,05/28/2004,6.57
1139,05/21/2004,6.33
1140,05/14/2004,6.33
1141,05/7/2004,6.1
1142,04/30/2004,5.76
1143,04/23/2004,5.53
1144,04/16/2004,5.76
1145,04/9/2004,5.78
1146,04/2/2004,5.56
1147,03/26/2004,5.31
1148,03/19/2004,5.58
1149,03/12/2004,5.39
1150,03/5/2004,5.27
1151,02/27/2004,5.14
1152,02/20/2004,5.31
1153,02/13/2004,5.45
1154,02/6/2004,5.57
1155,01/30/2004,5.88
1156,01/23/2004,6.07
1157,01/16/2004,5.95
1158,01/9/2004,6.65
1159,01/2/2004,5.73
1160,12/26/2003,5.8
1161,12/19/2003,6.73
1162,12/12/2003,6.51
1163,12/5/2003,5.58
1164,11/28/2003,4.64
1165,11/21/2003,4.36
1166,11/14/2003,4.59
1167,11/7/2003,4.36
1168,10/31/2003,4.38
1169,10/24/2003,4.7
1170,10/17/2003,4.84
1171,10/10/2003,4.72
1172,10/3/2003,4.49
1173,09/26/2003,4.49
1174,09/19/2003,4.56
1175,09/12/2003,4.76
1176,09/5/2003,4.69
1177,08/29/2003,5.05
1178,08/22/2003,5.07
1179,08/15/2003,5.05
1180,08/8/2003,4.83
1181,08/1/2003,4.68
1182,07/25/2003,4.91
1183,07/18/2003,5.06
1184,07/11/2003,5.36
1185,07/4/2003,5.14
1186,06/27/2003,5.61
1187,06/20/2003,5.57
1188,06/13/2003,5.94
1189,06/6/2003,6.26
1190,05/30/2003,5.83
1191,05/23/2003,6.02
1192,05/16/2003,6.05
1193,05/9/2003,5.57
1194,05/2/2003,5.25
1195,04/25/2003,5.51
1196,04/18/2003,5.5
1197,04/11/2003,5.15
1198,04/4/2003,4.91
1199,03/28/2003,4.99
1200,03/21/2003,5.18
1201,03/14/2003,5.94
1202,03/7/2003,7.8
1203,02/28/2003,12.03
1204,02/21/2003,6.33
1205,02/14/2003,6.08
1206,02/7/2003,6.11
1207,01/31/2003,5.68
1208,01/24/2003,5.91
1209,01/17/2003,5.37
1210,01/10/2003,5.03
1211,01/3/2003,4.85
1212,12/27/2002,4.96
1213,12/20/2002,5.12
1214,12/13/2002,4.64
1215,12/6/2002,4.31
1216,11/29/2002,4.25
1217,11/22/2002,4.25
1218,11/15/2002,3.86
1219,11/8/2002,3.88
1220,11/1/2002,4.23
1221,10/25/2002,4.22
1222,10/18/2002,4.14
1223,10/11/2002,3.85
1224,10/4/2002,4.17
1225,09/27/2002,3.8
1226,09/20/2002,3.71
1227,09/13/2002,3.3
1228,09/6/2002,3.21
1229,08/30/2002,3.33
1230,08/23/2002,3.28
1231,08/16/2002,2.99
1232,08/9/2002,2.78
1233,08/2/2002,3.01
1234,07/26/2002,2.97
1235,07/19/2002,2.9
1236,07/12/2002,2.96
1237,07/5/2002,3.18
1238,06/28/2002,3.43
1239,06/21/2002,3.26
1240,06/14/2002,3.11
1241,06/7/2002,3.24
1242,05/31/2002,3.24
1243,05/24/2002,3.35
1244,05/17/2002,3.57
1245,05/10/2002,3.65
1246,05/3/2002,3.65
1247,04/26/2002,3.5
1248,04/19/2002,3.4
1249,04/12/2002,3.21
1250,04/5/2002,3.54
1251,03/29/2002,3.4
1252,03/22/2002,3.31
1253,03/15/2002,2.92
1254,03/8/2002,2.67
1255,03/1/2002,2.47
1256,02/22/2002,2.38
1257,02/15/2002,2.28
1258,02/8/2002,2.22
1259,02/1/2002,2.18
1260,01/25/2002,2.18
1261,01/18/2002,2.34
1262,01/11/2002,2.38
1263,01/4/2002,2.53
1264,12/28/2001,2.4
1265,12/21/2001,2.4
1266,12/14/2001,2.45
1267,12/7/2001,1.98
1268,11/30/2001,2.0
1269,11/23/2001,2.18
1270,11/16/2001,2.16
1271,11/9/2001,2.72
1272,11/2/2001,3.06
1273,10/26/2001,2.86
1274,10/19/2001,2.42
1275,10/12/2001,2.21
1276,10/5/2001,1.96
1277,09/28/2001,1.9
1278,09/21/2001,2.15
1279,09/14/2001,2.4
1280,09/7/2001,2.34
1281,08/31/2001,2.45
1282,08/24/2001,3.04
1283,08/17/2001,3.18
1284,08/10/2001,3.09
1285,08/3/2001,3.21
1286,07/27/2001,3.08
1287,07/20/2001,3.07
1288,07/13/2001,3.19
1289,07/6/2001,3.0
1290,06/29/2001,3.3
1291,06/22/2001,3.81
1292,06/15/2001,3.97
1293,06/8/2001,3.79
1294,06/1/2001,3.74
1295,05/25/2001,4.05
1296,05/18/2001,4.31
1297,05/11/2001,4.22
1298,05/4/2001,4.56
1299,04/27/2001,4.99
1300,04/20/2001,5.21
1301,04/13/2001,5.44
1302,04/6/2001,5.27
1303,03/30/2001,5.39
1304,03/23/2001,5.2
1305,03/16/2001,5.12
1306,03/9/2001,5.24
1307,03/2/2001,5.14
1308,02/23/2001,5.13
1309,02/16/2001,5.63
1310,02/9/2001,5.98
1311,02/2/2001,6.23
1312,01/26/2001,7.07
1313,01/19/2001,7.68
1314,01/12/2001,9.57
1315,01/5/2001,9.79
1316,12/29/2000,9.88
1317,12/22/2000,9.86
1318,12/15/2000,8.37
1319,12/8/2000,8.16
1320,12/1/2000,6.18
1321,11/24/2000,6.29
1322,11/17/2000,5.78
1323,11/10/2000,4.96
1324,11/3/2000,4.49
1325,10/27/2000,4.68
1326,10/20/2000,5.17
1327,10/13/2000,5.26
1328,10/6/2000,5.2
1329,09/29/2000,5.21
1330,09/22/2000,5.17
1331,09/15/2000,5.05
1332,09/8/2000,4.82
1333,09/1/2000,4.66
1334,08/25/2000,4.63
1335,08/18/2000,4.33
1336,08/11/2000,4.44
1337,08/4/2000,4.01
1338,07/28/2000,3.72
1339,07/21/2000,3.98
1340,07/14/2000,4.18
1341,07/7/2000,4.15
1342,06/30/2000,4.39
1343,06/23/2000,4.28
1344,06/16/2000,4.3
1345,06/9/2000,4.19
1346,06/2/2000,4.36
1347,05/26/2000,4.04
1348,05/19/2000,3.56
1349,05/12/2000,3.26
1350,05/5/2000,3.15
1351,04/28/2000,3.11
1352,04/21/2000,3.11
1353,04/14/2000,3.03
1354,04/7/2000,2.92
1355,03/31/2000,2.88
1356,03/24/2000,2.77
1357,03/17/2000,2.81
1358,03/10/2000,2.74
1359,03/3/2000,2.7
1360,02/25/2000,2.52
1361,02/18/2000,2.64
1362,02/11/2000,2.67
1363,02/4/2000,2.81
1364,01/28/2000,2.71
1365,01/21/2000,2.46
1366,01/14/2000,2.25
1367,01/7/2000,2.18
1368,12/31/1999,2.33
1369,12/24/1999,2.53
1370,12/17/1999,2.49
1371,12/10/1999,2.21
1372,12/3/1999,2.2
1373,11/26/1999,2.0
1374,11/19/1999,2.24
1375,11/12/1999,2.39
1376,11/5/1999,2.75
1377,10/29/1999,2.94
1378,10/22/1999,2.92
1379,10/15/1999,2.67
1380,10/8/1999,2.45
1381,10/1/1999,2.46
1382,09/24/1999,2.42
1383,09/17/1999,2.58
1384,09/10/1999,2.7
1385,09/3/1999,2.69
1386,08/27/1999,2.98
1387,08/20/1999,2.8
1388,08/13/1999,2.75
1389,08/6/1999,2.63
1390,07/30/1999,2.58
1391,07/23/1999,2.29
1392,07/16/1999,2.14
1393,07/9/1999,2.21
1394,07/2/1999,2.29
1395,06/25/1999,2.25
1396,06/18/1999,2.27
1397,06/11/1999,2.37
1398,06/4/1999,2.34
1399,05/28/1999,2.23
1400,05/21/1999,2.27
1401,05/14/1999,2.24
1402,05/7/1999,2.3
1403,04/30/1999,2.3
1404,04/23/1999,2.18
1405,04/16/1999,2.12
1406,04/9/1999,2.04
1407,04/2/1999,1.92
1408,03/26/1999,1.79
1409,03/19/1999,1.75
1410,03/12/1999,1.87
1411,03/5/1999,1.69
1412,02/26/1999,1.7
1413,02/19/1999,1.79
1414,02/12/1999,1.81
1415,02/5/1999,1.79
1416,01/29/1999,1.76
1417,01/22/1999,1.81
1418,01/15/1999,1.81
1419,01/8/1999,2.0
1420,01/1/1999,1.84
1421,12/25/1998,1.95
1422,12/18/1998,1.93
1423,12/11/1998,1.6
1424,12/4/1998,1.34
1425,11/27/1998,2.08
1426,11/20/1998,2.12
1427,11/13/1998,2.27
1428,11/6/1998,2.11
1429,10/30/1998,1.89
1430,10/23/1998,1.9
1431,10/16/1998,1.73
1432,10/9/1998,1.99
1433,10/2/1998,2.2
1434,09/25/1998,2.24
1435,09/18/1998,2.07
1436,09/11/1998,1.83
1437,09/4/1998,1.72
1438,08/28/1998,1.81
1439,08/21/1998,1.93
1440,08/14/1998,1.85
1441,08/7/1998,1.86
1442,07/31/1998,1.95
1443,07/24/1998,2.05
1444,07/17/1998,2.21
1445,07/10/1998,2.36
1446,07/3/1998,2.39
1447,06/26/1998,2.38
1448,06/19/1998,2.11
1449,06/12/1998,2.0
1450,06/5/1998,2.1
1451,05/29/1998,2.09
1452,05/22/1998,2.13
1453,05/15/1998,2.2
1454,05/8/1998,2.14
1455,05/1/1998,2.23
1456,04/24/1998,2.4
1457,04/17/1998,2.46
1458,04/10/1998,2.57
1459,04/3/1998,2.41
1460,03/27/1998,2.3
1461,03/20/1998,2.23
1462,03/13/1998,2.22
1463,03/6/1998,2.18
1464,02/27/1998,2.22
1465,02/20/1998,2.2
1466,02/13/1998,2.21
1467,02/6/1998,2.28
1468,01/30/1998,2.08
1469,01/23/1998,2.11
1470,01/16/1998,2.05
1471,01/9/1998,2.11
1472,01/2/1998,2.26
1473,12/26/1997,2.21
1474,12/19/1997,2.34
1475,12/12/1997,2.34
1476,12/5/1997,2.51
1477,11/28/1997,2.55
1478,11/21/1997,2.89
1479,11/14/1997,3.25
1480,11/7/1997,3.16
1481,10/31/1997,3.42
1482,10/24/1997,3.21
1483,10/17/1997,2.89
1484,10/10/1997,2.83
1485,10/3/1997,3.0
1486,09/26/1997,3.08
1487,09/19/1997,2.85
1488,09/12/1997,2.76
1489,09/5/1997,2.77
1490,08/29/1997,2.58
1491,08/22/1997,2.54
1492,08/15/1997,2.53
1493,08/8/1997,2.37
1494,08/1/1997,2.22
1495,07/25/1997,2.2
1496,07/18/1997,2.24
1497,07/11/1997,2.15
1498,07/4/1997,2.15
1499,06/27/1997,2.27
1500,06/20/1997,2.22
1501,06/13/1997,2.16
1502,06/6/1997,2.17
1503,05/30/1997,2.28
1504,05/23/1997,2.22
1505,05/16/1997,2.22
1506,05/9/1997,2.29
1507,05/2/1997,2.15
1508,04/25/1997,2.14
1509,04/18/1997,2.04
1510,04/11/1997,1.98
1511,04/4/1997,1.88
1512,03/28/1997,1.84
1513,03/21/1997,1.91
1514,03/14/1997,1.96
1515,03/7/1997,1.86
1516,02/28/1997,1.82
1517,02/21/1997,1.91
1518,02/14/1997,2.3
1519,02/7/1997,2.53
1520,01/31/1997,2.91
1521,01/24/1997,2.98
1522,01/17/1997,4.19
1523,01/10/1997,3.79
