,Week ending,Source,East Region,Midwest Region,Mountain Region,Pacific Region,South Central Region,Salt,NonSalt,Total Lower 48
0,2010-01-01,Derived EIA Weekly Estimates,769,900,195,268,985,159,826,3117
1,2010-01-08,Derived EIA Weekly Estimates,703,820,185,257,886,123,763,2850
2,2010-01-15,Derived EIA Weekly Estimates,642,750,176,246,793,91,702,2607
3,2010-01-22,Derived EIA Weekly Estimates,616,710,171,235,789,102,687,2521
4,2010-01-29,Derived EIA Weekly Estimates,582,661,164,221,779,108,671,2406
5,2010-02-05,Derived EIA Weekly Estimates,523,604,157,211,719,95,624,2214
6,2010-02-12,Derived EIA Weekly Estimates,471,552,148,197,658,85,573,2026
7,2010-02-19,Derived EIA Weekly Estimates,425,502,141,193,592,71,521,1853
8,2010-02-26,Derived EIA Weekly Estimates,390,464,133,184,566,70,496,1738
9,2010-03-05,Derived EIA Weekly Estimates,349,433,129,182,535,63,472,1627
10,2010-03-12,Derived EIA Weekly Estimates,341,422,127,176,548,71,477,1614
11,2010-03-19,Derived EIA Weekly Estimates,334,419,126,179,567,80,487,1626
12,2010-03-26,Derived EIA Weekly Estimates,336,410,126,185,581,89,492,1638
13,2010-04-02,Derived EIA Weekly Estimates,333,410,126,189,612,101,511,1670
14,2010-04-09,Derived EIA Weekly Estimates,358,429,126,193,649,112,537,1754
15,2010-04-16,Derived EIA Weekly Estimates,376,444,129,199,679,120,559,1828
16,2010-04-23,Derived EIA Weekly Estimates,397,462,134,209,710,126,584,1912
17,2010-04-30,Derived EIA Weekly Estimates,416,480,138,220,741,133,608,1994
18,2010-05-07,Derived EIA Weekly Estimates,444,506,142,230,770,138,632,2091
19,2010-05-14,Derived EIA Weekly Estimates,463,520,147,241,794,144,650,2165
20,2010-05-21,Derived EIA Weekly Estimates,491,546,154,253,824,149,675,2268
21,2010-05-28,Derived EIA Weekly Estimates,518,567,161,265,846,151,695,2357
22,2010-06-04,Derived EIA Weekly Estimates,545,593,165,279,874,158,716,2456
23,2010-06-11,Derived EIA Weekly Estimates,571,619,168,288,895,160,735,2542
24,2010-06-18,Derived EIA Weekly Estimates,596,645,173,299,912,161,751,2625
25,2010-06-25,Derived EIA Weekly Estimates,615,666,178,305,920,158,762,2684
26,2010-07-02,Derived EIA Weekly Estimates,638,691,182,311,938,160,778,2761
27,2010-07-09,Derived EIA Weekly Estimates,659,715,188,318,962,168,794,2841
28,2010-07-16,Derived EIA Weekly Estimates,681,735,192,317,968,163,805,2893
29,2010-07-23,Derived EIA Weekly Estimates,698,751,195,314,962,157,805,2919
30,2010-07-30,Derived EIA Weekly Estimates,716,766,197,313,955,148,807,2947
31,2010-08-06,Derived EIA Weekly Estimates,737,788,199,314,946,144,802,2984
32,2010-08-13,Derived EIA Weekly Estimates,758,808,202,314,930,136,794,3013
33,2010-08-20,Derived EIA Weekly Estimates,781,833,205,309,925,131,794,3054
34,2010-08-27,Derived EIA Weekly Estimates,805,861,209,301,930,133,797,3105
35,2010-09-03,Derived EIA Weekly Estimates,814,886,212,303,948,136,812,3163
36,2010-09-10,Derived EIA Weekly Estimates,835,919,221,307,984,150,834,3267
37,2010-09-17,Derived EIA Weekly Estimates,856,951,223,307,1005,150,855,3341
38,2010-09-24,Derived EIA Weekly Estimates,876,979,227,309,1024,153,871,3415
39,2010-10-01,Derived EIA Weekly Estimates,896,1011,230,307,1055,162,893,3499
40,2010-10-08,Derived EIA Weekly Estimates,912,1039,232,313,1095,168,927,3590
41,2010-10-15,Derived EIA Weekly Estimates,930,1071,233,317,1132,182,950,3683
42,2010-10-22,Derived EIA Weekly Estimates,940,1096,236,321,1162,189,973,3754
43,2010-10-29,Derived EIA Weekly Estimates,955,1120,235,323,1188,193,995,3821
44,2010-11-05,Derived EIA Weekly Estimates,950,1124,236,327,1203,199,1004,3840
45,2010-11-12,Derived EIA Weekly Estimates,940,1126,236,326,1206,207,999,3834
46,2010-11-19,Derived EIA Weekly Estimates,940,1115,234,329,1210,211,999,3828
47,2010-11-26,Derived EIA Weekly Estimates,940,1100,227,313,1224,218,1006,3805
48,2010-12-03,Derived EIA Weekly Estimates,918,1071,222,298,1208,215,993,3717
49,2010-12-10,Derived EIA Weekly Estimates,862,1017,216,293,1165,205,960,3553
50,2010-12-17,Derived EIA Weekly Estimates,807,956,209,289,1108,186,922,3369
51,2010-12-24,Derived EIA Weekly Estimates,756,904,201,284,1087,182,905,3232
52,2010-12-31,Derived EIA Weekly Estimates,715,866,192,275,1050,175,875,3097
53,2011-01-07,Derived EIA Weekly Estimates,684,817,181,248,1030,183,847,2960
54,2011-01-14,Derived EIA Weekly Estimates,622,753,172,229,939,158,781,2716
55,2011-01-21,Derived EIA Weekly Estimates,577,696,164,221,885,153,732,2543
56,2011-01-28,Derived EIA Weekly Estimates,519,639,156,211,830,142,688,2355
57,2011-02-04,Derived EIA Weekly Estimates,470,578,145,187,763,123,640,2144
58,2011-02-11,Derived EIA Weekly Estimates,421,510,137,171,672,90,582,1910
59,2011-02-18,Derived EIA Weekly Estimates,392,482,132,162,662,90,572,1831
60,2011-02-25,Derived EIA Weekly Estimates,359,445,124,147,671,100,571,1745
61,2011-03-04,Derived EIA Weekly Estimates,330,412,118,136,676,106,570,1672
62,2011-03-11,Derived EIA Weekly Estimates,308,384,113,137,674,111,563,1616
63,2011-03-18,Derived EIA Weekly Estimates,296,373,112,141,688,121,567,1611
64,2011-03-25,Derived EIA Weekly Estimates,293,369,110,137,713,131,582,1622
65,2011-04-01,Derived EIA Weekly Estimates,265,346,110,142,716,138,578,1578
66,2011-04-08,Derived EIA Weekly Estimates,269,349,107,145,736,143,593,1606
67,2011-04-15,Derived EIA Weekly Estimates,284,362,106,148,753,143,610,1654
68,2011-04-22,Derived EIA Weekly Estimates,298,362,105,153,766,144,622,1685
69,2011-04-29,Derived EIA Weekly Estimates,321,380,105,161,789,149,640,1757
70,2011-05-06,Derived EIA Weekly Estimates,344,398,106,168,812,155,657,1827
71,2011-05-13,Derived EIA Weekly Estimates,375,423,108,177,837,161,676,1919
72,2011-05-20,Derived EIA Weekly Estimates,405,447,111,186,874,175,699,2023
73,2011-05-27,Derived EIA Weekly Estimates,434,469,115,197,892,177,715,2107
74,2011-06-03,Derived EIA Weekly Estimates,458,494,120,206,910,179,731,2188
75,2011-06-10,Derived EIA Weekly Estimates,483,517,125,217,916,180,736,2257
76,2011-06-17,Derived EIA Weekly Estimates,515,548,131,229,931,184,747,2354
77,2011-06-24,Derived EIA Weekly Estimates,542,576,136,237,941,182,759,2432
78,2011-07-01,Derived EIA Weekly Estimates,574,605,142,248,957,184,773,2526
79,2011-07-08,Derived EIA Weekly Estimates,602,635,148,254,972,185,787,2611
80,2011-07-15,Derived EIA Weekly Estimates,627,660,154,264,966,176,790,2671
81,2011-07-22,Derived EIA Weekly Estimates,646,681,158,271,958,167,791,2714
82,2011-07-29,Derived EIA Weekly Estimates,666,703,152,285,954,160,794,2759
83,2011-08-05,Derived EIA Weekly Estimates,683,724,155,288,933,151,782,2783
84,2011-08-12,Derived EIA Weekly Estimates,702,752,160,294,925,142,783,2833
85,2011-08-19,Derived EIA Weekly Estimates,729,784,164,298,932,143,789,2906
86,2011-08-26,Derived EIA Weekly Estimates,751,815,168,298,929,139,790,2960
87,2011-09-02,Derived EIA Weekly Estimates,776,848,171,298,932,139,793,3025
88,2011-09-09,Derived EIA Weekly Estimates,801,882,176,299,951,144,807,3110
89,2011-09-16,Derived EIA Weekly Estimates,825,916,180,305,975,153,822,3201
90,2011-09-23,Derived EIA Weekly Estimates,855,953,185,312,1007,166,841,3311
91,2011-09-30,Derived EIA Weekly Estimates,879,990,189,319,1031,170,861,3408
92,2011-10-07,Derived EIA Weekly Estimates,900,1023,194,330,1074,188,886,3521
93,2011-10-14,Derived EIA Weekly Estimates,922,1059,196,337,1111,206,905,3624
94,2011-10-21,Derived EIA Weekly Estimates,939,1086,198,342,1151,226,925,3717
95,2011-10-28,Derived EIA Weekly Estimates,947,1109,200,348,1189,244,945,3793
96,2011-11-04,Derived EIA Weekly Estimates,950,1122,201,353,1204,253,951,3830
97,2011-11-11,Derived EIA Weekly Estimates,955,1123,201,353,1212,263,949,3844
98,2011-11-18,Derived EIA Weekly Estimates,957,1122,203,356,1216,268,948,3853
99,2011-11-25,Derived EIA Weekly Estimates,953,1108,204,357,1229,276,953,3850
100,2011-12-02,Derived EIA Weekly Estimates,951,1093,203,359,1224,281,943,3830
101,2011-12-09,Derived EIA Weekly Estimates,935,1061,195,342,1197,276,921,3729
102,2011-12-16,Derived EIA Weekly Estimates,905,1028,191,324,1182,274,908,3628
103,2011-12-23,Derived EIA Weekly Estimates,881,998,186,309,1173,275,898,3548
104,2011-12-30,Derived EIA Weekly Estimates,853,964,183,308,1163,279,884,3471
105,2012-01-06,Derived EIA Weekly Estimates,819,923,180,308,1147,274,873,3377
106,2012-01-13,Derived EIA Weekly Estimates,791,890,174,301,1134,276,858,3290
107,2012-01-20,Derived EIA Weekly Estimates,728,831,165,283,1090,260,830,3098
108,2012-01-27,Derived EIA Weekly Estimates,682,778,160,278,1068,254,814,2966
109,2012-02-03,Derived EIA Weekly Estimates,656,745,157,275,1056,250,806,2888
110,2012-02-10,Derived EIA Weekly Estimates,616,702,152,272,1018,240,778,2761
111,2012-02-17,Derived EIA Weekly Estimates,570,651,146,267,961,217,744,2595
112,2012-02-24,Derived EIA Weekly Estimates,545,619,141,266,942,214,728,2513
113,2012-03-02,Derived EIA Weekly Estimates,515,589,137,258,934,216,718,2433
114,2012-03-09,Derived EIA Weekly Estimates,491,558,133,255,933,223,710,2369
115,2012-03-16,Derived EIA Weekly Estimates,489,550,134,255,952,232,720,2380
116,2012-03-23,Derived EIA Weekly Estimates,506,557,134,253,980,247,733,2429
117,2012-03-30,Derived EIA Weekly Estimates,510,563,137,256,1006,260,746,2472
118,2012-04-06,Derived EIA Weekly Estimates,515,564,137,261,1001,258,743,2478
119,2012-04-13,Derived EIA Weekly Estimates,524,569,139,265,1006,259,747,2503
120,2012-04-20,Derived EIA Weekly Estimates,546,587,139,270,1006,254,752,2546
121,2012-04-27,Derived EIA Weekly Estimates,557,597,142,276,1005,249,756,2576
122,2012-05-04,Derived EIA Weekly Estimates,571,607,144,283,1001,241,760,2606
123,2012-05-11,Derived EIA Weekly Estimates,597,628,146,289,1008,238,770,2667
124,2012-05-18,Derived EIA Weekly Estimates,621,648,148,300,1027,257,770,2744
125,2012-05-25,Derived EIA Weekly Estimates,644,669,151,309,1042,261,781,2815
126,2012-06-01,Derived EIA Weekly Estimates,663,689,155,318,1053,260,793,2877
127,2012-06-08,Derived EIA Weekly Estimates,685,709,159,327,1063,261,802,2944
128,2012-06-15,Derived EIA Weekly Estimates,704,727,162,335,1077,265,812,3006
129,2012-06-22,Derived EIA Weekly Estimates,719,746,165,342,1091,267,824,3063
130,2012-06-29,Derived EIA Weekly Estimates,738,764,169,353,1080,258,822,3102
131,2012-07-06,Derived EIA Weekly Estimates,747,775,174,360,1079,251,828,3135
132,2012-07-13,Derived EIA Weekly Estimates,756,789,178,360,1080,247,833,3163
133,2012-07-20,Derived EIA Weekly Estimates,764,801,182,364,1079,242,837,3190
134,2012-07-27,Derived EIA Weekly Estimates,775,820,185,364,1073,234,839,3217
135,2012-08-03,Derived EIA Weekly Estimates,786,839,187,361,1067,226,841,3240
136,2012-08-10,Derived EIA Weekly Estimates,796,858,189,354,1063,220,843,3261
137,2012-08-17,Derived EIA Weekly Estimates,815,887,193,345,1068,218,850,3308
138,2012-08-24,Derived EIA Weekly Estimates,836,913,196,345,1084,227,857,3374
139,2012-08-31,Derived EIA Weekly Estimates,847,936,200,342,1077,221,856,3402
140,2012-09-07,Derived EIA Weekly Estimates,857,964,204,341,1062,207,855,3429
141,2012-09-14,Derived EIA Weekly Estimates,874,991,209,341,1082,217,865,3496
142,2012-09-21,Derived EIA Weekly Estimates,892,1018,213,342,1111,232,879,3576
143,2012-09-28,Derived EIA Weekly Estimates,908,1044,217,347,1137,245,892,3654
144,2012-10-05,Derived EIA Weekly Estimates,926,1067,220,348,1164,260,904,3726
145,2012-10-12,Derived EIA Weekly Estimates,936,1081,221,355,1182,271,911,3776
146,2012-10-19,Derived EIA Weekly Estimates,945,1100,225,362,1210,286,924,3843
147,2012-10-26,Derived EIA Weekly Estimates,960,1119,227,368,1233,300,933,3907
148,2012-11-02,Derived EIA Weekly Estimates,960,1124,230,375,1240,307,933,3928
149,2012-11-09,Derived EIA Weekly Estimates,942,1118,231,377,1242,310,932,3910
150,2012-11-16,Derived EIA Weekly Estimates,935,1107,227,374,1230,311,919,3873
151,2012-11-23,Derived EIA Weekly Estimates,927,1103,228,378,1241,317,924,3876
152,2012-11-30,Derived EIA Weekly Estimates,902,1072,228,375,1228,316,912,3804
153,2012-12-07,Derived EIA Weekly Estimates,900,1062,228,376,1240,320,920,3806
154,2012-12-14,Derived EIA Weekly Estimates,884,1029,222,372,1216,312,904,3724
155,2012-12-21,Derived EIA Weekly Estimates,868,1004,216,360,1206,310,896,3653
156,2012-12-28,Derived EIA Weekly Estimates,829,959,207,352,1170,302,868,3517
157,2013-01-04,Derived EIA Weekly Estimates,776,901,197,333,1111,283,828,3316
158,2013-01-11,Derived EIA Weekly Estimates,736,855,190,316,1072,275,797,3167
159,2013-01-18,Derived EIA Weekly Estimates,708,804,178,286,1020,260,760,2996
160,2013-01-25,Derived EIA Weekly Estimates,651,732,172,274,973,244,729,2802
161,2013-02-01,Derived EIA Weekly Estimates,608,688,165,269,954,240,714,2684
162,2013-02-08,Derived EIA Weekly Estimates,549,631,159,266,921,234,687,2526
163,2013-02-15,Derived EIA Weekly Estimates,512,590,153,259,887,225,662,2400
164,2013-02-22,Derived EIA Weekly Estimates,458,534,146,252,838,208,630,2229
165,2013-03-01,Derived EIA Weekly Estimates,424,493,139,247,780,190,590,2082
166,2013-03-08,Derived EIA Weekly Estimates,377,448,136,245,732,175,557,1938
167,2013-03-15,Derived EIA Weekly Estimates,357,422,132,248,717,180,537,1876
168,2013-03-22,Derived EIA Weekly Estimates,324,382,127,248,700,178,522,1781
169,2013-03-29,Derived EIA Weekly Estimates,302,356,122,248,659,166,493,1687
170,2013-04-05,Derived EIA Weekly Estimates,295,347,123,256,654,168,486,1674
171,2013-04-12,Derived EIA Weekly Estimates,310,351,120,258,666,179,487,1705
172,2013-04-19,Derived EIA Weekly Estimates,329,354,117,258,676,187,489,1734
173,2013-04-26,Derived EIA Weekly Estimates,344,356,118,262,697,198,499,1776
174,2013-05-03,Derived EIA Weekly Estimates,376,376,118,268,728,212,516,1866
175,2013-05-10,Derived EIA Weekly Estimates,408,399,120,278,760,228,532,1964
176,2013-05-17,Derived EIA Weekly Estimates,433,419,122,285,792,239,553,2052
177,2013-05-24,Derived EIA Weekly Estimates,461,445,127,294,815,243,572,2142
178,2013-05-31,Derived EIA Weekly Estimates,491,473,132,304,852,254,598,2252
179,2013-06-07,Derived EIA Weekly Estimates,520,500,137,313,877,259,618,2347
180,2013-06-14,Derived EIA Weekly Estimates,551,529,140,321,898,261,637,2439
181,2013-06-21,Derived EIA Weekly Estimates,578,560,144,330,922,263,659,2533
182,2013-06-28,Derived EIA Weekly Estimates,599,586,148,336,936,265,671,2606
183,2013-07-05,Derived EIA Weekly Estimates,622,616,152,334,963,274,689,2687
184,2013-07-12,Derived EIA Weekly Estimates,634,641,154,337,979,275,704,2745
185,2013-07-19,Derived EIA Weekly Estimates,642,658,157,337,990,274,716,2786
186,2013-07-26,Derived EIA Weekly Estimates,661,684,160,340,1001,267,734,2845
187,2013-08-02,Derived EIA Weekly Estimates,687,715,164,359,1015,265,750,2940
188,2013-08-09,Derived EIA Weekly Estimates,708,745,168,366,1020,261,759,3007
189,2013-08-16,Derived EIA Weekly Estimates,725,774,172,368,1024,258,766,3063
190,2013-08-23,Derived EIA Weekly Estimates,743,805,177,365,1041,260,781,3131
191,2013-08-30,Derived EIA Weekly Estimates,760,831,181,364,1052,261,791,3189
192,2013-09-06,Derived EIA Weekly Estimates,778,861,184,362,1067,262,805,3253
193,2013-09-13,Derived EIA Weekly Estimates,794,885,188,363,1069,259,810,3299
194,2013-09-20,Derived EIA Weekly Estimates,817,917,192,366,1094,267,827,3385
195,2013-09-27,Derived EIA Weekly Estimates,840,951,197,373,1126,278,848,3487
196,2013-10-04,Derived EIA Weekly Estimates,861,980,202,378,1156,287,869,3577
197,2013-10-11,Derived EIA Weekly Estimates,879,1008,205,383,1179,294,885,3655
198,2013-10-18,Derived EIA Weekly Estimates,901,1036,208,384,1211,311,900,3741
199,2013-10-25,Derived EIA Weekly Estimates,908,1046,211,385,1230,318,912,3779
200,2013-11-01,Derived EIA Weekly Estimates,910,1054,213,386,1252,325,927,3816
201,2013-11-08,Derived EIA Weekly Estimates,917,1057,214,384,1262,332,930,3834
202,2013-11-15,Derived EIA Weekly Estimates,900,1042,215,383,1249,327,922,3789
203,2013-11-22,Derived EIA Weekly Estimates,897,1031,214,378,1255,331,924,3775
204,2013-11-29,Derived EIA Weekly Estimates,863,987,208,368,1188,303,885,3613
205,2013-12-06,Derived EIA Weekly Estimates,843,961,200,350,1179,309,870,3533
206,2013-12-13,Derived EIA Weekly Estimates,792,881,187,307,1082,277,805,3248
207,2013-12-20,Derived EIA Weekly Estimates,737,821,182,291,1041,263,778,3071
208,2013-12-27,Derived EIA Weekly Estimates,715,776,175,281,1028,269,759,2975
209,2014-01-03,Derived EIA Weekly Estimates,672,721,169,269,986,259,727,2817
210,2014-01-10,Derived EIA Weekly Estimates,606,638,159,246,881,211,670,2529
211,2014-01-17,Derived EIA Weekly Estimates,580,598,153,236,857,213,644,2424
212,2014-01-24,Derived EIA Weekly Estimates,525,528,145,220,765,178,587,2184
213,2014-01-31,Derived EIA Weekly Estimates,459,452,136,202,674,137,537,1924
214,2014-02-07,Derived EIA Weekly Estimates,417,390,124,169,593,109,484,1693
215,2014-02-14,Derived EIA Weekly Estimates,356,323,115,147,504,77,427,1444
216,2014-02-21,Derived EIA Weekly Estimates,317,284,109,139,500,96,404,1348
217,2014-02-28,Derived EIA Weekly Estimates,280,239,101,117,459,88,371,1196
218,2014-03-07,Derived EIA Weekly Estimates,231,194,94,103,381,54,327,1002
219,2014-03-14,Derived EIA Weekly Estimates,213,176,91,103,369,62,307,953
220,2014-03-21,Derived EIA Weekly Estimates,192,158,87,103,354,65,289,895
221,2014-03-28,Derived EIA Weekly Estimates,167,138,85,102,332,60,272,824
222,2014-04-04,Derived EIA Weekly Estimates,167,133,82,105,341,68,273,827
223,2014-04-11,Derived EIA Weekly Estimates,169,137,81,113,351,76,275,850
224,2014-04-18,Derived EIA Weekly Estimates,181,141,80,124,373,89,284,899
225,2014-04-25,Derived EIA Weekly Estimates,198,158,82,135,408,104,304,981
226,2014-05-02,Derived EIA Weekly Estimates,215,177,83,145,434,113,321,1055
227,2014-05-09,Derived EIA Weekly Estimates,243,210,86,159,462,126,336,1160
228,2014-05-16,Derived EIA Weekly Estimates,277,241,89,169,491,140,351,1267
229,2014-05-23,Derived EIA Weekly Estimates,308,273,94,183,522,152,370,1380
230,2014-05-30,Derived EIA Weekly Estimates,341,310,100,196,553,163,390,1499
231,2014-06-06,Derived EIA Weekly Estimates,370,345,104,207,581,172,409,1607
232,2014-06-13,Derived EIA Weekly Estimates,403,383,109,217,608,177,431,1719
233,2014-06-20,Derived EIA Weekly Estimates,433,419,115,230,632,185,447,1829
234,2014-06-27,Derived EIA Weekly Estimates,462,455,120,241,650,188,462,1928
235,2014-07-04,Derived EIA Weekly Estimates,482,490,127,250,674,194,480,2023
236,2014-07-11,Derived EIA Weekly Estimates,509,528,131,258,702,201,501,2128
237,2014-07-18,Derived EIA Weekly Estimates,532,561,136,265,725,207,518,2219
238,2014-07-25,Derived EIA Weekly Estimates,557,593,141,272,744,210,534,2307
239,2014-08-01,Derived EIA Weekly Estimates,584,627,145,274,758,212,546,2388
240,2014-08-08,Derived EIA Weekly Estimates,608,662,149,281,768,213,555,2467
241,2014-08-15,Derived EIA Weekly Estimates,635,699,153,286,782,214,568,2555
242,2014-08-22,Derived EIA Weekly Estimates,659,736,156,292,788,210,578,2631
243,2014-08-29,Derived EIA Weekly Estimates,681,772,159,299,798,211,587,2709
244,2014-09-05,Derived EIA Weekly Estimates,704,809,164,306,817,216,601,2801
245,2014-09-12,Derived EIA Weekly Estimates,727,843,169,309,843,222,621,2890
246,2014-09-19,Derived EIA Weekly Estimates,758,877,170,309,874,234,640,2988
247,2014-09-26,Derived EIA Weekly Estimates,790,913,174,313,910,248,662,3099
248,2014-10-03,Derived EIA Weekly Estimates,817,948,176,322,942,260,682,3205
249,2014-10-10,Derived EIA Weekly Estimates,840,973,181,328,976,272,704,3298
250,2014-10-17,Derived EIA Weekly Estimates,859,1002,184,335,1014,285,729,3393
251,2014-10-24,Derived EIA Weekly Estimates,877,1024,187,340,1052,298,754,3480
252,2014-10-31,Derived EIA Weekly Estimates,894,1051,189,346,1091,314,777,3571
253,2014-11-07,Derived EIA Weekly Estimates,895,1057,191,349,1119,327,792,3611
254,2014-11-14,Derived EIA Weekly Estimates,892,1050,184,349,1119,329,790,3594
255,2014-11-21,Derived EIA Weekly Estimates,852,1001,177,337,1065,306,759,3432
256,2014-11-28,Derived EIA Weekly Estimates,839,980,176,338,1076,314,762,3410
257,2014-12-05,Derived EIA Weekly Estimates,819,951,173,333,1083,323,760,3359
258,2014-12-12,Derived EIA Weekly Estimates,792,923,170,337,1073,325,748,3296
259,2014-12-19,Derived EIA Weekly Estimates,776,902,165,332,1070,327,743,3246
260,2014-12-26,Derived EIA Weekly Estimates,765,885,163,335,1072,330,742,3220
261,2015-01-02,Derived EIA Weekly Estimates,737,849,152,312,1040,324,716,3089
262,2015-01-09,Derived EIA Weekly Estimates,685,774,142,292,960,291,669,2854
263,2015-01-16,Derived EIA Weekly Estimates,631,711,136,281,878,260,618,2637
264,2015-01-23,Derived EIA Weekly Estimates,595,677,134,275,862,257,605,2543
265,2015-01-30,Derived EIA Weekly Estimates,553,632,133,273,838,247,591,2428
266,2015-02-06,Derived EIA Weekly Estimates,501,572,130,275,791,231,560,2268
267,2015-02-13,Derived EIA Weekly Estimates,458,518,132,278,771,222,549,2158
268,2015-02-20,Derived EIA Weekly Estimates,401,435,127,279,696,181,515,1938
269,2015-02-27,Derived EIA Weekly Estimates,353,361,118,271,606,136,470,1709
270,2015-03-06,Derived EIA Weekly Estimates,309,303,111,260,528,108,420,1511
271,2015-03-13,Derived EIA Weekly Estimates,290,285,111,261,522,108,414,1468
272,2015-03-20,Derived EIA Weekly Estimates,275,279,113,264,548,121,427,1479
273,2015-03-27,Derived EIA Weekly Estimates,255,261,114,269,562,132,430,1461
274,2015-04-03,Derived EIA Weekly Estimates,242,256,117,273,588,146,442,1476
275,2015-04-10,Derived EIA Weekly Estimates,250,263,117,273,637,171,466,1539
276,2015-04-17,Derived EIA Weekly Estimates,271,282,118,276,681,191,490,1628
277,2015-04-24,Derived EIA Weekly Estimates,294,296,118,281,721,209,512,1711
278,2015-05-01,Derived EIA Weekly Estimates,310,311,119,287,758,223,535,1785
279,2015-05-08,Derived EIA Weekly Estimates,341,339,123,292,802,243,559,1897
280,2015-05-15,Derived EIA Weekly Estimates,371,364,125,298,832,251,581,1989
281,2015-05-22,Derived EIA Weekly Estimates,404,396,129,307,866,261,605,2101
282,2015-05-29,Derived EIA Weekly Estimates,440,431,136,316,910,277,633,2233
283,2015-06-05,Derived EIA Weekly Estimates,470,464,142,322,946,291,655,2344
284,2015-06-12,Derived EIA Weekly Estimates,499,493,147,327,968,295,673,2433
285,2015-06-19,EIA-912,524,517,150,333,982,295,686,2506
286,2015-06-26,EIA-912,552,546,155,333,993,292,700,2579
287,2015-07-03,EIA-912,584,582,158,329,1013,297,716,2666
288,2015-07-10,EIA-912,609,612,164,334,1045,305,739,2764
289,2015-07-17,EIA-912,627,636,167,337,1056,304,752,2823
290,2015-07-24,EIA-912,643,659,171,340,1059,300,759,2872
291,2015-07-31,EIA-912,658,683,174,341,1054,292,762,2910
292,2015-08-07,EIA-912,681,713,176,344,1061,291,769,2975
293,2015-08-14,EIA-912,704,740,179,345,1059,286,773,3027
294,2015-08-21,EIA-912,725,770,183,345,1071,287,784,3094
295,2015-08-28,EIA-912,751,815,188,345,1091,290,801,3190
296,2015-09-04,EIA-912,769,848,191,349,1105,293,811,3262
297,2015-09-11,EIA-912,787,883,194,347,1125,298,828,3336
298,2015-09-18,EIA-912,812,918,197,352,1162,312,850,3441
299,2015-09-25,EIA-912,837,952,201,355,1192,321,870,3537
300,2015-10-02,EIA-912,863,984,206,359,1222,331,891,3634
301,2015-10-09,EIA-912,880,1016,210,367,1258,346,912,3731
302,2015-10-16,EIA-912,899,1046,213,367,1288,357,930,3813
303,2015-10-23,EIA-912,905,1072,216,373,1309,366,944,3875
304,2015-10-30,EIA-912,916,1097,216,377,1325,371,955,3931
305,2015-11-06,EIA-912,929,1117,217,382,1340,373,967,3985
306,2015-11-13,EIA-912,934,1124,214,381,1347,377,970,4000
307,2015-11-20,EIA-912,935,1127,214,381,1352,382,970,4009
308,2015-11-27,EIA-912,919,1109,211,375,1342,380,962,3956
309,2015-12-04,EIA-912,910,1083,203,361,1323,379,943,3880
310,2015-12-11,EIA-912,894,1066,203,361,1322,376,946,3846
311,2015-12-18,EIA-912,894,1051,198,346,1325,378,947,3814
312,2015-12-25,EIA-912,876,1025,195,338,1322,378,944,3756
313,2016-01-01,EIA-912,857,983,185,313,1305,379,925,3643
314,2016-01-08,EIA-912,802,942,177,295,1259,364,895,3475
315,2016-01-15,EIA-912,758,879,170,281,1209,345,864,3297
316,2016-01-22,EIA-912,695,811,164,273,1143,321,821,3086
317,2016-01-29,EIA-912,641,767,159,271,1096,303,793,2934
318,2016-02-05,EIA-912,620,739,151,258,1096,312,784,2864
319,2016-02-12,EIA-912,568,689,147,255,1042,286,756,2701
320,2016-02-19,EIA-912,512,645,147,256,1024,281,743,2584
321,2016-02-26,EIA-912,495,621,145,255,1020,285,735,2536
322,2016-03-04,EIA-912,464,587,146,258,1024,291,733,2479
323,2016-03-11,EIA-912,452,577,147,259,1043,303,740,2478
324,2016-03-18,EIA-912,453,571,148,260,1061,312,749,2493
325,2016-03-25,EIA-912,439,555,147,262,1065,315,750,2468
326,2016-04-01,EIA-912,434,548,149,265,1084,323,761,2480
327,2016-04-08,EIA-912,419,538,150,269,1101,334,767,2477
328,2016-04-15,EIA-912,408,538,152,271,1115,342,774,2484
329,2016-04-22,EIA-912,431,554,155,277,1140,352,788,2557
330,2016-04-29,EIA-912,454,566,157,284,1164,362,802,2625
331,2016-05-06,EIA-912,468,582,161,288,1182,368,813,2681
332,2016-05-13,EIA-912,490,606,166,293,1199,371,828,2754
333,2016-05-20,EIA-912,511,629,171,298,1216,372,844,2825
334,2016-05-27,EIA-912,537,655,178,304,1233,370,863,2907
335,2016-06-03,EIA-912,559,679,183,307,1244,370,874,2972
336,2016-06-10,EIA-912,585,703,188,312,1253,368,885,3041
337,2016-06-17,EIA-912,612,724,194,318,1255,366,890,3103
338,2016-06-24,EIA-912,632,742,198,315,1253,360,893,3140
339,2016-07-01,EIA-912,654,764,202,313,1246,354,893,3179
340,2016-07-08,EIA-912,678,785,208,319,1253,355,898,3243
341,2016-07-15,EIA-912,697,801,210,318,1251,349,901,3277
342,2016-07-22,EIA-912,715,815,213,318,1233,336,897,3294
343,2016-07-29,EIA-912,729,825,213,314,1207,320,886,3288
344,2016-08-05,EIA-912,746,845,215,314,1197,313,884,3317
345,2016-08-12,EIA-912,763,861,217,313,1185,305,881,3339
346,2016-08-19,EIA-912,775,875,219,310,1171,292,879,3350
347,2016-08-26,EIA-912,796,904,222,310,1169,287,883,3401
348,2016-09-02,EIA-912,812,928,224,313,1160,280,880,3437
349,2016-09-09,EIA-912,832,954,227,317,1169,285,884,3499
350,2016-09-16,EIA-912,851,985,230,318,1167,278,889,3551
351,2016-09-23,EIA-912,874,1014,233,318,1161,275,885,3600
352,2016-09-30,EIA-912,899,1045,237,318,1181,289,893,3680
353,2016-10-07,EIA-912,913,1071,240,323,1212,305,907,3759
354,2016-10-14,EIA-912,925,1093,243,325,1250,330,920,3836
355,2016-10-21,EIA-912,939,1115,245,326,1284,352,931,3909
356,2016-10-28,EIA-912,940,1130,249,326,1318,374,944,3963
357,2016-11-04,EIA-912,946,1148,253,327,1343,385,958,4017
358,2016-11-11,EIA-912,944,1155,257,328,1363,394,969,4047
359,2016-11-18,EIA-912,935,1153,259,328,1370,396,974,4045
360,2016-11-25,EIA-912,912,1130,258,328,1367,400,967,3995
361,2016-12-02,EIA-912,899,1112,256,323,1363,403,960,3953
362,2016-12-09,EIA-912,865,1071,244,312,1314,388,927,3806
363,2016-12-16,EIA-912,810,1007,230,302,1248,363,884,3597
364,2016-12-23,EIA-912,757,946,217,283,1157,324,833,3360
365,2016-12-30,EIA-912,737,921,207,275,1171,343,828,3311
366,2017-01-06,EIA-912,698,865,197,263,1137,343,794,3160
367,2017-01-13,EIA-912,639,795,183,248,1052,312,740,2917
368,2017-01-20,EIA-912,596,757,173,235,1037,325,712,2798
369,2017-01-27,EIA-912,569,730,164,221,1027,340,687,2711
370,2017-02-03,EIA-912,520,685,155,208,991,338,654,2559
371,2017-02-10,EIA-912,479,642,150,205,969,332,636,2445
372,2017-02-17,EIA-912,431,612,146,206,961,328,633,2356
373,2017-02-24,EIA-912,422,608,146,205,982,333,649,2363
374,2017-03-03,EIA-912,404,579,139,201,972,326,646,2295
375,2017-03-10,EIA-912,368,557,137,203,977,325,653,2242
376,2017-03-17,EIA-912,309,506,137,208,932,295,637,2092
377,2017-03-24,EIA-912,278,486,141,212,932,289,644,2049
378,2017-03-31,EIA-912,268,479,142,216,946,295,651,2051
379,2017-04-07,EIA-912,266,476,141,221,957,301,656,2061
380,2017-04-14,EIA-912,278,487,144,223,983,314,670,2115
381,2017-04-21,EIA-912,303,504,149,228,1005,321,684,2189
382,2017-04-28,EIA-912,325,519,153,233,1026,329,697,2256
383,2017-05-05,EIA-912,350,524,155,238,1034,331,702,2301
384,2017-05-12,EIA-912,367,540,161,244,1057,337,720,2369
385,2017-05-19,EIA-912,390,562,166,250,1076,338,738,2444
386,2017-05-26,EIA-912,419,585,166,258,1097,342,755,2525
387,2017-06-02,EIA-912,457,614,172,269,1119,345,774,2631
388,2017-06-09,EIA-912,491,634,177,274,1133,348,784,2709
389,2017-06-16,EIA-912,513,656,182,281,1138,343,794,2770
390,2017-06-23,EIA-912,536,676,184,280,1140,341,799,2816
391,2017-06-30,EIA-912,564,699,187,287,1141,332,810,2878
392,2017-07-07,EIA-912,588,719,193,292,1144,327,817,2936
393,2017-07-14,EIA-912,609,733,194,292,1135,319,816,2963
394,2017-07-21,EIA-912,626,743,197,294,1120,308,812,2980
395,2017-07-28,EIA-912,651,754,200,293,1101,296,805,2999
396,2017-08-04,EIA-912,673,771,202,289,1094,290,804,3029
397,2017-08-11,EIA-912,701,798,204,292,1087,283,804,3082
398,2017-08-18,EIA-912,728,821,206,296,1074,274,800,3125
399,2017-08-25,EIA-912,749,840,205,301,1060,262,797,3155
400,2017-09-01,EIA-912,781,872,205,296,1066,266,800,3220
401,2017-09-08,EIA-912,809,906,208,296,1092,285,807,3311
402,2017-09-15,EIA-912,833,938,212,300,1125,304,821,3408
403,2017-09-22,EIA-912,848,964,217,307,1130,305,825,3466
404,2017-09-29,EIA-912,861,989,220,311,1127,300,827,3508
405,2017-10-06,EIA-912,884,1024,223,315,1149,310,838,3595
406,2017-10-13,EIA-912,901,1054,224,316,1150,302,848,3645
407,2017-10-20,EIA-912,915,1082,224,315,1174,313,861,3710
408,2017-10-27,EIA-912,926,1107,226,317,1199,324,874,3775
409,2017-11-03,EIA-912,925,1112,224,317,1212,336,876,3790
410,2017-11-10,EIA-912,915,1108,220,315,1214,341,873,3772
411,2017-11-17,EIA-912,891,1090,220,314,1211,340,871,3726
412,2017-11-24,EIA-912,876,1068,221,314,1214,348,866,3693
413,2017-12-01,EIA-912,868,1058,221,313,1235,360,875,3695
414,2017-12-08,EIA-912,855,1033,213,305,1220,360,860,3626
415,2017-12-15,EIA-912,811,980,204,294,1155,330,825,3444
416,2017-12-22,EIA-912,782,941,195,281,1133,324,809,3332
417,2017-12-29,EIA-912,740,875,183,268,1060,302,759,3126
418,2018-01-05,EIA-912,664,778,167,251,907,224,683,2767
419,2018-01-12,EIA-912,614,717,158,244,851,206,646,2584
420,2018-01-19,EIA-912,555,634,145,233,729,151,578,2296
421,2018-01-26,EIA-912,525,596,137,220,719,169,550,2197
422,2018-02-02,EIA-912,488,543,131,213,703,184,518,2078
423,2018-02-09,EIA-912,432,468,122,213,649,178,472,1884
424,2018-02-16,EIA-912,403,428,111,204,614,175,440,1760
425,2018-02-23,EIA-912,382,398,102,189,611,183,429,1682
426,2018-03-02,EIA-912,359,380,97,177,612,189,423,1625
427,2018-03-09,EIA-912,314,350,93,169,606,186,420,1532
428,2018-03-16,EIA-912,270,315,90,169,602,182,419,1446
429,2018-03-23,EIA-912,242,284,88,166,603,181,422,1383
430,2018-03-30,EIA-912,229,266,87,166,606,188,419,1354
431,2018-04-06,EIA-912,217,246,83,171,618,196,422,1335
432,2018-04-13,EIA-912,207,228,83,175,606,185,421,1299
433,2018-04-20,EIA-912,205,211,84,177,604,182,421,1281
434,2018-04-27,EIA-912,223,221,86,187,626,190,436,1343
435,2018-05-04,EIA-912,243,240,92,195,662,204,458,1432
436,2018-05-11,EIA-912,275,267,98,204,694,216,477,1538
437,2018-05-18,EIA-912,299,288,107,213,722,226,496,1629
438,2018-05-25,EIA-912,328,315,113,221,748,235,514,1725
439,2018-06-01,EIA-912,351,341,121,231,773,245,528,1817
440,2018-06-08,EIA-912,377,372,125,239,800,252,547,1913
441,2018-06-15,EIA-912,406,401,127,246,828,258,570,2008
442,2018-06-22,EIA-912,430,425,133,251,835,252,583,2074
443,2018-06-29,EIA-912,460,455,139,257,841,245,596,2152
444,2018-07-06,EIA-912,480,477,143,260,843,238,605,2203
445,2018-07-13,EIA-912,507,501,144,259,838,231,607,2248
446,2018-07-20,EIA-912,527,525,145,256,820,215,605,2272
447,2018-07-27,EIA-912,552,552,146,249,807,206,601,2305
448,2018-08-03,EIA-912,574,580,148,244,808,204,604,2353
449,2018-08-10,EIA-912,590,604,151,239,802,195,606,2386
450,2018-08-17,EIA-912,611,633,153,238,799,190,609,2435
451,2018-08-24,EIA-912,637,669,157,240,801,188,613,2504
452,2018-08-31,EIA-912,659,702,162,246,799,183,615,2567
453,2018-09-07,EIA-912,679,734,166,250,806,182,624,2636
454,2018-09-14,EIA-912,709,770,170,255,818,184,635,2722
455,2018-09-21,EIA-912,729,800,173,259,807,173,634,2768
456,2018-09-28,EIA-912,763,836,177,262,829,181,648,2866
457,2018-10-05,EIA-912,790,871,180,262,854,191,663,2956
458,2018-10-12,EIA-912,812,908,177,264,877,203,673,3037
459,2018-10-19,EIA-912,825,934,177,262,896,218,678,3095
460,2018-10-26,EIA-912,826,956,180,262,919,234,686,3143
461,2018-11-02,EIA-912,831,980,182,265,949,253,696,3208
462,2018-11-09,EIA-912,835,991,181,266,974,272,702,3247
463,2018-11-16,EIA-912,803,959,174,258,919,251,668,3113
464,2018-11-23,EIA-912,778,938,171,254,914,259,654,3054
465,2018-11-30,EIA-912,752,914,168,253,905,263,642,2991
466,2018-12-07,EIA-912,732,885,160,238,898,271,627,2914
467,2018-12-14,EIA-912,692,841,153,227,860,262,598,2773
468,2018-12-21,EIA-912,676,818,150,223,858,274,584,2725
469,2018-12-28,EIA-912,661,798,147,220,878,296,582,2705
470,2019-01-04,EIA-912,651,763,132,204,865,302,563,2614
471,2019-01-11,EIA-912,620,729,127,196,861,303,557,2533
472,2019-01-18,EIA-912,566,673,121,185,823,295,528,2370
473,2019-01-25,EIA-912,527,606,114,178,771,278,493,2197
474,2019-02-01,EIA-912,468,522,105,172,692,241,451,1960
475,2019-02-08,EIA-912,444,492,95,155,696,248,447,1882
476,2019-02-15,EIA-912,395,436,87,138,649,224,425,1705
477,2019-02-22,EIA-912,354,385,79,122,598,199,399,1539
478,2019-03-01,EIA-912,311,338,73,112,557,180,377,1390
479,2019-03-08,EIA-912,262,287,66,102,473,129,344,1190
480,2019-03-15,EIA-912,245,268,62,96,471,135,336,1143
481,2019-03-22,EIA-912,225,248,62,104,467,137,329,1107
482,2019-03-29,EIA-912,210,241,64,113,502,156,347,1130
483,2019-04-05,EIA-912,209,240,64,119,523,166,357,1155
484,2019-04-12,EIA-912,228,254,66,128,571,187,384,1247
485,2019-04-19,EIA-912,251,264,70,138,616,204,413,1339
486,2019-04-26,EIA-912,279,290,75,152,666,224,442,1462
487,2019-05-03,EIA-912,299,309,78,162,699,234,466,1547
488,2019-05-10,EIA-912,330,336,82,174,731,240,491,1653
489,2019-05-17,EIA-912,353,364,89,186,762,249,513,1753
490,2019-05-24,EIA-912,383,399,93,198,793,253,540,1867
491,2019-05-31,EIA-912,414,436,101,213,821,256,565,1986
492,2019-06-07,EIA-912,440,469,111,227,842,256,586,2088
493,2019-06-14,EIA-912,472,503,118,234,875,264,612,2203
494,2019-06-21,EIA-912,499,538,127,245,893,263,630,2301
495,2019-06-28,EIA-912,526,568,134,255,907,259,648,2390
496,2019-07-05,EIA-912,544,597,140,263,927,257,669,2471
497,2019-07-12,EIA-912,561,627,147,268,929,246,683,2533
498,2019-07-19,EIA-912,575,650,151,271,921,229,692,2569
499,2019-07-26,EIA-912,597,677,156,270,934,226,708,2634
500,2019-08-02,EIA-912,613,701,161,272,941,221,719,2689
501,2019-08-09,EIA-912,634,729,164,272,939,214,725,2738
502,2019-08-16,EIA-912,660,760,168,274,935,205,730,2797
503,2019-08-23,EIA-912,682,790,173,278,934,199,736,2857
504,2019-08-30,EIA-912,714,827,177,276,947,197,749,2941
505,2019-09-06,EIA-912,739,864,183,275,958,199,759,3019
506,2019-09-13,EIA-912,763,898,188,279,974,200,774,3103
507,2019-09-20,EIA-912,794,934,194,286,998,207,790,3205
508,2019-09-27,EIA-912,826,973,199,291,1029,220,809,3317
509,2019-10-04,EIA-912,854,1009,203,296,1054,229,825,3415
510,2019-10-11,EIA-912,880,1044,205,296,1093,246,847,3519
511,2019-10-18,EIA-912,898,1069,208,297,1134,268,866,3606
512,2019-10-25,EIA-912,913,1095,211,298,1178,293,885,3695
513,2019-11-01,EIA-912,932,1109,207,292,1189,303,886,3729
514,2019-11-08,EIA-912,932,1106,207,290,1197,313,884,3732
515,2019-11-15,EIA-912,909,1069,205,292,1164,299,864,3638
516,2019-11-22,EIA-912,894,1052,204,293,1166,303,863,3610
517,2019-11-29,EIA-912,891,1040,200,286,1174,316,858,3591
518,2019-12-06,EIA-912,867,1013,193,276,1168,321,847,3518
519,2019-12-13,EIA-912,838,973,186,273,1142,319,823,3411
520,2019-12-20,EIA-912,796,923,177,260,1094,309,786,3250
521,2019-12-27,EIA-912,771,905,173,251,1093,313,780,3192
522,2020-01-03,EIA-912,756,885,166,244,1097,323,774,3148
523,2020-01-10,EIA-912,716,851,161,235,1076,320,756,3039
524,2020-01-17,EIA-912,696,815,151,220,1065,328,737,2947
525,2020-01-24,EIA-912,638,761,143,210,995,297,698,2746
526,2020-01-31,EIA-912,598,725,136,210,941,281,660,2609
527,2020-02-07,EIA-912,569,694,126,202,903,269,634,2494
528,2020-02-14,EIA-912,527,639,117,198,861,257,605,2343
529,2020-02-21,EIA-912,484,591,108,196,821,244,578,2200
530,2020-02-28,EIA-912,451,558,101,197,784,229,555,2091
531,2020-03-06,EIA-912,426,529,97,200,791,235,556,2043
532,2020-03-13,EIA-912,412,512,96,199,814,247,568,2034
533,2020-03-20,EIA-912,398,492,92,194,829,258,571,2005
534,2020-03-27,EIA-912,382,476,92,197,840,256,585,1986
535,2020-04-03,EIA-912,382,475,92,203,872,265,607,2024
536,2020-04-10,EIA-912,400,487,95,203,912,286,626,2097
537,2020-04-17,EIA-912,400,493,96,210,941,301,640,2140
538,2020-04-24,EIA-912,405,506,103,218,979,314,664,2210
539,2020-05-01,EIA-912,424,530,111,228,1027,331,695,2319
540,2020-05-08,EIA-912,452,554,117,240,1059,340,719,2422
541,2020-05-15,EIA-912,469,576,124,253,1081,345,737,2503
542,2020-05-22,EIA-912,504,606,132,264,1105,348,757,2612
543,2020-05-29,EIA-912,536,634,140,273,1131,353,778,2714
544,2020-06-05,EIA-912,563,662,148,281,1153,357,797,2807
545,2020-06-12,EIA-912,586,688,156,290,1173,358,815,2892
546,2020-06-19,EIA-912,619,716,165,299,1212,372,840,3012
547,2020-06-26,EIA-912,639,740,173,304,1222,368,854,3077
548,2020-07-03,EIA-912,657,761,180,310,1226,364,862,3133
549,2020-07-10,EIA-912,672,780,186,312,1228,359,869,3178
550,2020-07-17,EIA-912,693,799,190,311,1221,349,872,3215
551,2020-07-24,EIA-912,706,815,196,313,1211,339,872,3241
552,2020-07-31,EIA-912,718,830,202,311,1214,336,878,3274
553,2020-08-07,EIA-912,738,856,206,314,1219,337,883,3332
554,2020-08-14,EIA-912,750,880,209,313,1223,335,888,3375
555,2020-08-21,EIA-912,775,904,212,306,1223,334,889,3420
556,2020-08-28,EIA-912,789,924,212,304,1225,331,895,3455
557,2020-09-04,EIA-912,805,953,216,308,1243,335,908,3525
558,2020-09-11,EIA-912,825,983,221,310,1276,349,927,3614
559,2020-09-18,EIA-912,851,1009,225,312,1283,349,934,3680
560,2020-09-25,EIA-912,872,1033,231,316,1304,358,945,3756
561,2020-10-02,EIA-912,893,1062,236,318,1322,366,955,3831
562,2020-10-09,EIA-912,908,1081,241,320,1326,366,960,3877
563,2020-10-16,EIA-912,923,1105,245,323,1329,360,969,3926
564,2020-10-23,EIA-912,941,1118,245,323,1329,360,968,3955
565,2020-10-30,EIA-912,947,1119,240,320,1293,348,945,3919
566,2020-11-06,EIA-912,942,1127,243,322,1293,345,948,3927
567,2020-11-13,EIA-912,953,1139,241,319,1306,350,956,3958
568,2020-11-20,EIA-912,934,1133,242,320,1312,356,956,3940
569,2020-11-27,EIA-912,934,1122,240,318,1326,368,958,3939
570,2020-12-04,EIA-912,915,1095,232,312,1294,361,933,3848
571,2020-12-11,EIA-912,881,1059,223,306,1256,348,908,3726
572,2020-12-18,EIA-912,844,1015,212,296,1207,337,870,3574
573,2020-12-25,EIA-912,810,973,204,289,1183,334,849,3460
574,2021-01-01,EIA-912,765,923,196,282,1163,333,830,3330
575,2021-01-08,EIA-912,726,879,188,278,1126,327,799,3196
576,2021-01-15,EIA-912,679,828,176,275,1051,296,755,3009
577,2021-01-22,EIA-912,641,780,170,275,1014,288,726,2881
578,2021-01-29,EIA-912,582,719,158,261,970,281,689,2689
579,2021-02-05,EIA-912,529,666,150,257,915,261,654,2518
580,2021-02-12,EIA-912,485,589,137,244,826,233,593,2281
581,2021-02-19,EIA-912,424,508,123,218,670,150,520,1943
582,2021-02-26,EIA-912,383,465,117,210,670,159,511,1845
583,2021-03-05,EIA-912,350,440,113,205,685,176,509,1793
584,2021-03-12,EIA-912,328,426,114,199,715,197,519,1782
585,2021-03-19,EIA-912,307,405,112,193,734,215,519,1750
586,2021-03-26,EIA-912,307,401,112,194,749,226,523,1764
587,2021-04-02,EIA-912,305,398,115,198,768,235,533,1784
588,2021-04-09,EIA-912,311,414,118,205,798,251,547,1845
589,2021-04-16,EIA-912,325,421,118,210,810,256,554,1883
590,2021-04-23,EIA-912,319,427,119,217,816,258,558,1898
591,2021-04-30,EIA-912,332,442,124,224,836,264,572,1958
592,2021-05-07,EIA-912,347,458,131,235,857,269,588,2029
593,2021-05-14,EIA-912,358,472,135,247,888,280,608,2100
594,2021-05-21,EIA-912,385,499,144,256,931,296,635,2215
595,2021-05-28,EIA-912,413,522,151,268,959,300,659,2313
596,2021-06-04,EIA-912,445,547,160,276,983,302,681,2411
597,2021-06-11,EIA-912,461,570,165,236,995,299,696,2427
598,2021-06-18,EIA-912,488,595,169,239,991,295,697,2482
599,2021-06-25,EIA-912,513,623,173,244,1005,296,709,2558
600,2021-07-02,EIA-912,521,638,177,246,991,286,705,2574
601,2021-07-09,EIA-912,543,662,180,250,995,283,712,2629
602,2021-07-16,EIA-912,562,683,183,247,1002,279,723,2678
603,2021-07-23,EIA-912,583,702,184,246,999,269,729,2714
604,2021-07-30,EIA-912,604,719,184,244,976,250,726,2727
605,2021-08-06,EIA-912,629,741,185,241,979,247,732,2776
606,2021-08-13,EIA-912,645,765,188,240,984,244,741,2822
607,2021-08-20,EIA-912,661,790,188,241,970,229,742,2851
608,2021-08-27,EIA-912,678,812,190,243,948,214,734,2871
609,2021-09-03,EIA-912,703,842,191,243,943,208,735,2923
610,2021-09-10,EIA-912,732,876,193,240,965,217,748,3006
611,2021-09-17,EIA-912,751,904,196,240,990,228,762,3082
612,2021-09-24,EIA-912,779,934,201,243,1013,239,774,3170
613,2021-10-01,EIA-912,810,971,206,248,1054,259,795,3288
614,2021-10-08,EIA-912,834,997,210,251,1079,269,810,3369
615,2021-10-15,EIA-912,862,1027,211,253,1108,283,825,3461
616,2021-10-22,EIA-912,885,1052,212,255,1144,304,840,3548
617,2021-10-29,EIA-912,899,1071,213,256,1172,320,852,3611
618,2021-11-05,EIA-912,897,1075,213,258,1175,324,850,3618
619,2021-11-12,EIA-912,900,1079,212,261,1191,331,860,3644
620,2021-11-19,EIA-912,889,1066,210,262,1197,338,859,3623
621,2021-11-26,EIA-912,867,1043,206,263,1185,335,851,3564
622,2021-12-03,EIA-912,843,1019,206,266,1171,328,842,3505
623,2021-12-10,EIA-912,818,982,199,261,1158,328,829,3417
624,2021-12-17,EIA-912,809,963,188,247,1155,334,820,3362
625,2021-12-24,EIA-912,777,918,180,235,1116,326,790,3226
626,2021-12-31,EIA-912,767,893,172,219,1143,347,796,3195
627,2022-01-07,EIA-912,730,835,159,204,1088,330,759,3016
628,2022-01-14,EIA-912,669,770,151,201,1019,308,711,2810
629,2022-01-21,EIA-912,609,701,143,201,938,279,658,2591
630,2022-01-28,EIA-912,541,616,133,196,837,231,606,2323
631,2022-02-04,EIA-912,485,552,121,181,763,207,556,2101
632,2022-02-11,EIA-912,435,496,114,177,689,173,516,1911
633,2022-02-18,EIA-912,396,450,105,176,655,168,487,1782
634,2022-02-25,EIA-912,358,404,96,164,620,163,457,1643
635,2022-03-04,EIA-912,317,364,93,162,582,151,431,1519
636,2022-03-11,EIA-912,290,337,87,155,571,159,412,1440
637,2022-03-18,EIA-912,268,318,87,157,559,156,404,1389
638,2022-03-25,EIA-912,268,317,89,161,581,169,412,1415
639,2022-04-01,EIA-912,241,296,91,165,589,173,416,1382
640,2022-04-08,EIA-912,229,293,90,169,617,186,431,1397
641,2022-04-15,EIA-912,238,304,89,169,650,201,449,1450
642,2022-04-22,EIA-912,238,309,90,171,681,215,467,1490
643,2022-04-29,EIA-912,253,324,92,176,721,233,489,1567
644,2022-05-06,EIA-912,274,342,96,183,749,241,507,1643
645,2022-05-13,EIA-912,296,364,103,187,781,251,531,1732
646,2022-05-20,EIA-912,325,394,109,193,798,252,547,1819
647,2022-05-27,EIA-912,345,426,113,200,817,248,569,1901
648,2022-06-03,EIA-912,376,454,118,211,843,251,593,2003
649,2022-06-10,EIA-912,407,482,122,221,863,251,612,2095
650,2022-06-17,EIA-912,430,506,128,231,875,248,628,2169
651,2022-06-24,EIA-912,461,535,134,235,886,242,644,2251
652,2022-07-01,EIA-912,482,562,138,240,890,233,657,2311
653,2022-07-08,EIA-912,501,586,143,249,890,221,669,2369
654,2022-07-15,EIA-912,521,608,144,253,874,206,669,2401
655,2022-07-22,EIA-912,532,625,144,253,862,195,667,2416
656,2022-07-29,EIA-912,549,643,147,253,865,195,671,2457
657,2022-08-05,EIA-912,564,663,148,252,874,193,681,2501
658,2022-08-12,EIA-912,571,684,151,248,866,185,681,2519
659,2022-08-19,EIA-912,598,714,153,243,871,184,687,2579
660,2022-08-26,EIA-912,614,747,157,241,881,185,696,2640
661,2022-09-02,EIA-912,635,776,159,238,887,182,705,2694
662,2022-09-09,EIA-912,661,809,163,235,904,187,717,2771
663,2022-09-16,EIA-912,690,844,168,237,935,199,736,2874
664,2022-09-23,EIA-912,721,879,176,243,958,204,754,2977
665,2022-09-30,EIA-912,756,916,184,247,1003,225,778,3106
666,2022-10-07,EIA-912,782,952,190,249,1058,253,804,3231
667,2022-10-14,EIA-912,812,987,195,249,1099,271,828,3342
668,2022-10-21,EIA-912,825,1007,199,248,1116,277,839,3394
669,2022-10-28,EIA-912,848,1042,204,247,1160,299,861,3501
670,2022-11-04,EIA-912,865,1068,208,247,1193,311,882,3580
671,2022-11-11,EIA-912,882,1084,208,241,1228,327,901,3644
672,2022-11-18,EIA-912,866,1063,203,232,1200,318,882,3564
673,2022-11-25,EIA-912,840,1040,197,226,1181,314,867,3483
674,2022-12-02,EIA-912,834,1028,193,217,1191,327,864,3462
675,2022-12-09,EIA-912,822,1002,186,203,1199,337,862,3412
676,2022-12-16,EIA-912,789,974,178,186,1199,340,858,3325
677,2022-12-23,EIA-912,747,899,166,165,1136,323,813,3112
678,2022-12-30,EIA-912,691,839,157,165,1040,270,770,2891
679,2023-01-06,EIA-912,700,823,153,160,1067,295,772,2902
680,2023-01-13,EIA-912,662,785,147,157,1069,307,762,2820
681,2023-01-20,EIA-912,622,754,140,150,1067,310,757,2734
682,2023-01-27,EIA-912,578,708,132,140,1025,297,728,2583
683,2023-02-03,EIA-912,529,641,120,124,951,271,680,2366
684,2023-02-10,EIA-912,498,601,114,122,931,262,670,2266
685,2023-02-17,EIA-912,479,575,106,108,926,262,664,2195
686,2023-02-24,EIA-912,451,544,99,99,922,261,661,2114
687,2023-03-03,EIA-912,416,515,92,81,925,261,664,2030
688,2023-03-10,EIA-912,391,490,87,72,933,266,667,1972
689,2023-03-17,EIA-912,355,461,84,72,927,262,664,1900
690,2023-03-24,EIA-912,343,437,82,73,917,262,655,1853
691,2023-03-31,EIA-912,335,421,80,73,921,263,658,1830
692,2023-04-07,EIA-912,345,427,80,74,929,261,667,1855
693,2023-04-14,EIA-912,363,450,84,83,949,266,684,1930
694,2023-04-21,EIA-912,390,468,90,90,971,275,695,2009
695,2023-04-28,EIA-912,410,481,95,100,977,278,699,2063
696,2023-05-05,EIA-912,422,497,104,114,1002,287,715,2141
697,2023-05-12,EIA-912,458,520,112,127,1023,290,734,2240
698,2023-05-19,EIA-912,489,546,120,139,1042,294,748,2336
699,2023-05-26,EIA-912,522,577,127,151,1070,304,766,2446
700,2023-06-02,EIA-912,552,604,137,164,1093,319,774,2550
701,2023-06-09,EIA-912,574,632,148,176,1105,324,781,2634
702,2023-06-16,EIA-912,599,658,157,191,1125,330,794,2729
703,2023-06-23,EIA-912,623,685,165,204,1128,330,798,2805
704,2023-06-30,EIA-912,643,705,173,216,1144,329,816,2881
705,2023-07-07,EIA-912,653,724,180,225,1147,323,824,2930
706,2023-07-14,EIA-912,661,741,186,232,1150,321,829,2971
707,2023-07-21,EIA-912,670,757,189,232,1139,310,829,2987
708,2023-07-28,EIA-912,680,775,191,230,1124,297,828,3001
709,2023-08-04,EIA-912,700,793,196,233,1108,284,824,3030
710,2023-08-11,EIA-912,717,812,202,240,1093,272,821,3065
711,2023-08-18,EIA-912,731,831,206,242,1072,260,813,3083
712,2023-08-25,EIA-912,751,853,213,248,1050,249,801,3115
713,2023-09-01,EIA-912,766,877,218,252,1035,241,795,3148
714,2023-09-08,EIA-912,775,904,225,260,1041,241,801,3205
715,2023-09-15,EIA-912,793,931,228,263,1053,242,811,3269
716,2023-09-22,EIA-912,821,962,234,271,1071,250,821,3359
717,2023-09-29,EIA-912,847,991,239,278,1090,259,830,3445
718,2023-10-06,EIA-912,874,1021,244,278,1112,267,845,3529
719,2023-10-13,EIA-912,896,1050,248,280,1152,285,868,3626
720,2023-10-20,EIA-912,908,1075,252,283,1182,299,883,3700
721,2023-10-27,EIA-912,925,1100,255,285,1214,313,901,3779
722,2023-11-03,EIA-912,924,1105,253,284,1206,313,893,3773
723,2023-11-10,EIA-912,931,1116,256,292,1238,332,906,3833
724,2023-11-17,EIA-912,918,1118,255,296,1240,331,909,3826
725,2023-11-24,EIA-912,915,1111,252,298,1260,343,917,3836
726,2023-12-01,EIA-912,876,1082,245,289,1228,334,894,3719
727,2023-12-08,EIA-912,857,1055,243,289,1219,336,883,3664
728,2023-12-15,EIA-912,834,1021,236,283,1203,331,872,3577
729,2023-12-22,EIA-912,805,985,232,280,1187,329,858,3490
730,2023-12-29,EIA-912,799,968,228,280,1201,344,857,3476
731,2024-01-05,EIA-912,757,924,220,275,1160,332,828,3336
732,2024-01-12,EIA-912,715,873,208,257,1128,332,796,3182
733,2024-01-19,EIA-912,657,788,194,228,990,269,721,2856
734,2024-01-26,EIA-912,605,727,185,223,919,248,672,2659
735,2024-02-02,EIA-912,568,689,183,228,916,257,659,2584
736,2024-02-09,EIA-912,532,662,178,222,936,271,665,2530
737,2024-02-16,EIA-912,505,631,173,217,944,278,666,2470
738,2024-02-23,EIA-912,453,600,169,217,935,275,660,2374
739,2024-03-01,EIA-912,422,575,169,219,949,285,664,2334
740,2024-03-08,EIA-912,412,561,167,213,972,294,678,2325
741,2024-03-15,EIA-912,406,551,166,216,993,300,694,2332
742,2024-03-22,EIA-912,387,528,166,223,991,294,698,2296
743,2024-03-29,EIA-912,363,510,162,227,996,294,701,2259
744,2024-04-05,EIA-912,362,512,165,229,1014,299,714,2283
745,2024-04-12,EIA-912,379,528,167,230,1029,300,729,2333
746,2024-04-19,EIA-912,408,551,173,235,1057,309,749,2425
747,2024-04-26,EIA-912,425,564,182,240,1073,314,759,2484
748,2024-05-03,EIA-912,454,590,191,246,1087,314,773,2569
749,2024-05-10,EIA-912,482,613,196,252,1097,313,784,2640
750,2024-05-17,EIA-912,511,635,202,259,1112,319,793,2719
751,2024-05-24,EIA-912,538,661,210,267,1129,325,804,2804
752,2024-05-31,EIA-912,575,688,218,273,1146,330,817,2900
753,2024-06-07,EIA-912,603,712,224,276,1159,336,823,2974
754,2024-06-14,EIA-912,631,736,230,279,1168,337,831,3045
755,2024-06-21,EIA-912,646,758,236,283,1178,334,845,3102
756,2024-06-28,EIA-912,660,779,239,282,1174,326,848,3134
757,2024-07-05,EIA-912,682,800,245,289,1183,327,856,3199
758,2024-07-12,EIA-912,686,814,248,289,1173,318,855,3209
759,2024-07-19,EIA-912,697,827,251,289,1167,313,854,3231
760,2024-07-26,EIA-912,711,842,253,286,1157,307,851,3249
761,2024-08-02,EIA-912,719,854,257,289,1152,300,851,3270
762,2024-08-09,EIA-912,723,869,260,287,1125,286,839,3264
763,2024-08-16,EIA-912,735,888,263,288,1125,280,845,3299
764,2024-08-23,EIA-912,754,909,266,287,1119,272,847,3334
765,2024-08-30,EIA-912,761,922,270,289,1105,267,838,3347
766,2024-09-06,EIA-912,780,950,273,285,1098,266,832,3387
767,2024-09-13,EIA-912,802,973,275,283,1111,271,840,3445
768,2024-09-20,EIA-912,818,993,279,289,1113,264,849,3493
769,2024-09-27,EIA-912,846,1012,283,294,1113,260,853,3548
770,2024-10-04,EIA-912,873,1041,286,293,1136,274,862,3630
771,2024-10-11,EIA-912,893,1067,287,294,1166,292,874,3706
772,2024-10-18,EIA-912,901,1086,291,302,1205,312,893,3785
773,2024-10-25,EIA-912,920,1107,291,306,1240,328,911,3864
774,2024-11-01,EIA-912,934,1128,291,310,1267,339,929,3931
775,2024-11-08,EIA-912,943,1141,291,312,1285,346,939,3972
776,2024-11-15,EIA-912,931,1140,293,313,1291,347,944,3969
777,2024-11-22,EIA-912,929,1134,292,310,1301,353,948,3967
778,2024-11-29,EIA-912,914,1115,289,310,1310,362,948,3937
779,2024-12-06,EIA-912,856,1055,282,302,1251,340,911,3747
780,2024-12-13,EIA-912,822,1007,274,296,1222,338,884,3622
781,2024-12-20,EIA-912,792,960,267,293,1217,349,868,3529
782,2024-12-27,EIA-912,745,914,262,295,1197,349,848,3413
783,2025-01-03,EIA-912,737,881,255,293,1207,364,844,3373
784,2025-01-10,EIA-912,669,808,240,283,1114,326,788,3115
785,2025-01-17,EIA-912,613,744,229,269,1037,297,739,2892
786,2025-01-24,EIA-912,552,661,212,246,901,229,672,2571
787,2025-01-31,EIA-912,507,605,200,230,854,217,638,2397
788,2025-02-07,EIA-912,468,559,193,224,853,229,624,2297
789,2025-02-14,EIA-912,419,494,182,208,799,214,585,2101
790,2025-02-21,EIA-912,362,424,168,198,688,159,528,1840
791,2025-02-28,EIA-912,340,396,166,199,658,150,509,1760
792,2025-03-07,EIA-912,307,370,165,196,660,161,499,1698
793,2025-03-14,EIA-912,295,366,165,193,688,181,508,1707
794,2025-03-21,EIA-912,298,367,163,192,725,202,523,1744
795,2025-03-28,EIA-912,284,364,165,202,758,218,540,1773
796,2025-04-04,EIA-912,296,373,165,206,789,233,557,1830
797,2025-04-11,EIA-912,290,373,166,213,804,242,562,1846
798,2025-04-18,EIA-912,295,396,171,221,851,266,585,1934
799,2025-04-25,EIA-912,331,425,174,226,885,281,605,2041
800,2025-05-02,EIA-912,362,454,180,232,917,293,624,2145
801,2025-05-09,EIA-912,396,480,185,237,957,308,648,2255
802,2025-05-16,EIA-912,432,512,192,244,996,321,674,2375
803,2025-05-23,EIA-912,462,541,198,254,1021,328,693,2476
804,2025-05-30,EIA-912,498,579,205,261,1055,340,715,2598
805,2025-06-06,EIA-912,531,608,210,266,1091,351,740,2707
806,2025-06-13,EIA-912,563,638,216,274,1111,350,761,2802
807,2025-06-20,EIA-912,589,665,223,281,1140,352,788,2898
808,2025-06-27,EIA-912,602,688,228,287,1148,342,806,2953
809,2025-07-04,EIA-912,616,710,231,291,1158,339,819,3006
810,2025-07-11,EIA-912,628,730,235,295,1164,335,829,3052
811,2025-07-18,EIA-912,634,746,239,297,1159,325,834,3075
812,2025-07-25,EIA-912,651,765,243,302,1162,316,846,3123
813,2025-08-01,EIA-912,656,775,249,305,1145,296,849,3130
814,2025-08-08,EIA-912,677,796,253,305,1154,295,859,3186
815,2025-08-15,EIA-912,690,812,255,301,1141,282,859,3199
816,2025-08-22,EIA-912,707,832,254,298,1125,272,853,3217
817,2025-08-29,EIA-912,735,860,254,294,1129,273,856,3272
818,2025-09-05,EIA-912,757,890,257,293,1145,282,863,3343
819,2025-09-12,EIA-912,781,920,261,297,1174,294,879,3433
820,2025-09-19,EIA-912,807,945,266,300,1190,299,890,3508
821,2025-09-26,EIA-912,832,972,269,302,1186,292,894,3561
822,2025-10-03,EIA-912,860,1001,275,304,1201,295,906,3641
823,2025-10-10,EIA-912,883,1031,279,307,1221,303,918,3721
824,2025-10-17,EIA-912,899,1060,282,311,1255,320,935,3808
825,2025-10-24,EIA-912,913,1085,286,316,1282,336,947,3882
826,2025-10-31,EIA-912,909,1105,288,318,1296,341,955,3915
827,2025-11-07,EIA-912,914,1117,290,321,1318,353,965,3960
828,2025-11-14,EIA-912,905,1112,292,322,1316,352,963,3946
829,2025-11-21,EIA-912,892,1103,292,319,1329,360,969,3935
830,2025-11-28,EIA-912,888,1088,288,315,1345,371,974,3923
831,2025-12-05,EIA-912,843,1030,277,306,1290,354,936,3746
832,2025-12-12,EIA-912,797,966,271,304,1242,338,903,3579
833,2025-12-19,EIA-912,751,904,266,303,1190,323,867,3413
834,2025-12-26,EIA-912,736,865,264,307,1203,343,859,3375
835,2026-01-02,EIA-912,697,821,256,304,1178,343,835,3256
836,2026-01-09,EIA-912,664,790,251,302,1178,355,823,3185
837,2026-01-16,EIA-912,632,752,242,300,1139,343,796,3065
838,2026-01-23,EIA-912,577,676,228,291,1050,313,737,2823
839,2026-01-30,EIA-912,502,584,213,272,891,228,663,2463
840,2026-02-06,EIA-912,438,510,209,273,784,176,608,2214
